team_id,team_name,team_short,league_id,is_mls_club,conference,asa_team_id
jYQJ19EqGR,Seattle Sounders FC,Seattle Sounders FC,mls,1,NA,jYQJ19EqGR
pzeQZ6xQKw,Colorado Rapids,Colorado Rapids,mls,1,NA,pzeQZ6xQKw
X0Oq66zq6D,Chicago Fire FC,Chicago Fire FC,mls,1,NA,X0Oq66zq6D
mKAqBBmqbg,FC Dallas,FC Dallas,mls,1,NA,mKAqBBmqbg
19vQ2095K6,New England Revolution,New England Revolution,mls,1,NA,19vQ2095K6
NPqxKXZ59d,Charlotte FC,Charlotte FC,mls,1,NA,NPqxKXZ59d
"c(""mvzqoLZQap"", ""a2lqR4JMr0"")","c(""mvzqoLZQap"", ""a2lqR4JMr0"")","c(""mvzqoLZQap"", ""a2lqR4JMr0"")",mls,1,NA,"c(""mvzqoLZQap"", ""a2lqR4JMr0"")"
kRQand1MKZ,Minnesota United FC,Minnesota United FC,mls,1,NA,kRQand1MKZ
YgOMngl5wN,Houston Dynamo FC,Houston Dynamo FC,mls,1,NA,YgOMngl5wN
0KPqjA456v,San Jose Earthquakes,San Jose Earthquakes,mls,1,NA,0KPqjA456v
wvq9B9wQWn,St. Louis City SC,St. Louis City SC,mls,1,NA,wvq9B9wQWn
vzqoOgNqap,Nashville SC,Nashville SC,mls,1,NA,vzqoOgNqap
APk5LGOMOW,CF Montréal,CF Montréal,mls,1,NA,APk5LGOMOW
EKXMeX3Q64,D.C. United,D.C. United,mls,1,NA,EKXMeX3Q64
Vj58weDM8n,New York City FC,New York City FC,mls,1,NA,Vj58weDM8n
"c(""kRQand1MKZ"", ""APk5LGOMOW"")","c(""kRQand1MKZ"", ""APk5LGOMOW"")","c(""kRQand1MKZ"", ""APk5LGOMOW"")",mls,1,NA,"c(""kRQand1MKZ"", ""APk5LGOMOW"")"
kaDQ0wRqEv,LA Galaxy,LA Galaxy,mls,1,NA,kaDQ0wRqEv
NWMWlBK5lz,FC Cincinnati,FC Cincinnati,mls,1,NA,NWMWlBK5lz
Z2vQ1xlqrA,Sporting Kansas City,Sporting Kansas City,mls,1,NA,Z2vQ1xlqrA
zeQZkL1MKw,Inter Miami CF,Inter Miami CF,mls,1,NA,zeQZkL1MKw
eVq3ya6MWO,Los Angeles FC,Los Angeles FC,mls,1,NA,eVq3ya6MWO
mvzqoLZQap,Columbus Crew,Columbus Crew,mls,1,NA,mvzqoLZQap
gpMOLwl5zy,Austin FC,Austin FC,mls,1,NA,gpMOLwl5zy
lgpMOvnQzy,Vancouver Whitecaps FC,Vancouver Whitecaps FC,mls,1,NA,lgpMOvnQzy
a2lqRX2Mr0,New York Red Bulls,New York Red Bulls,mls,1,NA,a2lqRX2Mr0
WBLMvYAQxe,Portland Timbers FC,Portland Timbers FC,mls,1,NA,WBLMvYAQxe
jYQJ8EW5GR,Orlando City SC,Orlando City SC,mls,1,NA,jYQJ8EW5GR
"c(""mKAqBBmqbg"", ""APk5LGOMOW"")","c(""mKAqBBmqbg"", ""APk5LGOMOW"")","c(""mKAqBBmqbg"", ""APk5LGOMOW"")",mls,1,NA,"c(""mKAqBBmqbg"", ""APk5LGOMOW"")"
9z5k7Yg5A3,Philadelphia Union,Philadelphia Union,mls,1,NA,9z5k7Yg5A3
"c(""mvzqoLZQap"", ""wvq9B9wQWn"")","c(""mvzqoLZQap"", ""wvq9B9wQWn"")","c(""mvzqoLZQap"", ""wvq9B9wQWn"")",mls,1,NA,"c(""mvzqoLZQap"", ""wvq9B9wQWn"")"
"c(""vzqoOgNqap"", ""kaDQ0wRqEv"")","c(""vzqoOgNqap"", ""kaDQ0wRqEv"")","c(""vzqoOgNqap"", ""kaDQ0wRqEv"")",mls,1,NA,"c(""vzqoOgNqap"", ""kaDQ0wRqEv"")"
"c(""APk5LGOMOW"", ""kRQabn8MKZ"")","c(""APk5LGOMOW"", ""kRQabn8MKZ"")","c(""APk5LGOMOW"", ""kRQabn8MKZ"")",mls,1,NA,"c(""APk5LGOMOW"", ""kRQabn8MKZ"")"
kRQabn8MKZ,Toronto FC,Toronto FC,mls,1,NA,kRQabn8MKZ
a2lqR4JMr0,Real Salt Lake,Real Salt Lake,mls,1,NA,a2lqR4JMr0
"c(""NWMWlBK5lz"", ""zeQZkL1MKw"")","c(""NWMWlBK5lz"", ""zeQZkL1MKw"")","c(""NWMWlBK5lz"", ""zeQZkL1MKw"")",mls,1,NA,"c(""NWMWlBK5lz"", ""zeQZkL1MKw"")"
"c(""19vQ2095K6"", ""mvzqoLZQap"")","c(""19vQ2095K6"", ""mvzqoLZQap"")","c(""19vQ2095K6"", ""mvzqoLZQap"")",mls,1,NA,"c(""19vQ2095K6"", ""mvzqoLZQap"")"
KAqBN0Vqbg,Atlanta United FC,Atlanta United FC,mls,1,NA,KAqBN0Vqbg
"c(""mvzqoLZQap"", ""19vQ2095K6"")","c(""mvzqoLZQap"", ""19vQ2095K6"")","c(""mvzqoLZQap"", ""19vQ2095K6"")",mls,1,NA,"c(""mvzqoLZQap"", ""19vQ2095K6"")"
"c(""jYQJ19EqGR"", ""19vQ2095K6"")","c(""jYQJ19EqGR"", ""19vQ2095K6"")","c(""jYQJ19EqGR"", ""19vQ2095K6"")",mls,1,NA,"c(""jYQJ19EqGR"", ""19vQ2095K6"")"
"c(""vzqoOgNqap"", ""YgOMngl5wN"")","c(""vzqoOgNqap"", ""YgOMngl5wN"")","c(""vzqoOgNqap"", ""YgOMngl5wN"")",mls,1,NA,"c(""vzqoOgNqap"", ""YgOMngl5wN"")"
"c(""lgpMOvnQzy"", ""a2lqR4JMr0"")","c(""lgpMOvnQzy"", ""a2lqR4JMr0"")","c(""lgpMOvnQzy"", ""a2lqR4JMr0"")",mls,1,NA,"c(""lgpMOvnQzy"", ""a2lqR4JMr0"")"
"c(""9z5k7Yg5A3"", ""wvq9B9wQWn"")","c(""9z5k7Yg5A3"", ""wvq9B9wQWn"")","c(""9z5k7Yg5A3"", ""wvq9B9wQWn"")",mls,1,NA,"c(""9z5k7Yg5A3"", ""wvq9B9wQWn"")"
"c(""19vQ2095K6"", ""wvq9B9wQWn"")","c(""19vQ2095K6"", ""wvq9B9wQWn"")","c(""19vQ2095K6"", ""wvq9B9wQWn"")",mls,1,NA,"c(""19vQ2095K6"", ""wvq9B9wQWn"")"
"c(""WBLMvYAQxe"", ""APk5LGOMOW"")","c(""WBLMvYAQxe"", ""APk5LGOMOW"")","c(""WBLMvYAQxe"", ""APk5LGOMOW"")",mls,1,NA,"c(""WBLMvYAQxe"", ""APk5LGOMOW"")"
"c(""kRQabn8MKZ"", ""KAqBN0Vqbg"")","c(""kRQabn8MKZ"", ""KAqBN0Vqbg"")","c(""kRQabn8MKZ"", ""KAqBN0Vqbg"")",mls,1,NA,"c(""kRQabn8MKZ"", ""KAqBN0Vqbg"")"
"c(""wvq9B9wQWn"", ""kRQand1MKZ"")","c(""wvq9B9wQWn"", ""kRQand1MKZ"")","c(""wvq9B9wQWn"", ""kRQand1MKZ"")",mls,1,NA,"c(""wvq9B9wQWn"", ""kRQand1MKZ"")"
"c(""APk5LGOMOW"", ""X0Oq66zq6D"")","c(""APk5LGOMOW"", ""X0Oq66zq6D"")","c(""APk5LGOMOW"", ""X0Oq66zq6D"")",mls,1,NA,"c(""APk5LGOMOW"", ""X0Oq66zq6D"")"
zeQZBOzQKw,San Diego FC,San Diego FC,mls,1,NA,zeQZBOzQKw
"c(""APk5LGOMOW"", ""EKXMeX3Q64"")","c(""APk5LGOMOW"", ""EKXMeX3Q64"")","c(""APk5LGOMOW"", ""EKXMeX3Q64"")",mls,1,NA,"c(""APk5LGOMOW"", ""EKXMeX3Q64"")"
"c(""pzeQZ6xQKw"", ""jYQJ8EW5GR"")","c(""pzeQZ6xQKw"", ""jYQJ8EW5GR"")","c(""pzeQZ6xQKw"", ""jYQJ8EW5GR"")",mls,1,NA,"c(""pzeQZ6xQKw"", ""jYQJ8EW5GR"")"
"c(""mvzqoLZQap"", ""YgOMngl5wN"")","c(""mvzqoLZQap"", ""YgOMngl5wN"")","c(""mvzqoLZQap"", ""YgOMngl5wN"")",mls,1,NA,"c(""mvzqoLZQap"", ""YgOMngl5wN"")"
"c(""APk5LGOMOW"", ""NPqxKXZ59d"")","c(""APk5LGOMOW"", ""NPqxKXZ59d"")","c(""APk5LGOMOW"", ""NPqxKXZ59d"")",mls,1,NA,"c(""APk5LGOMOW"", ""NPqxKXZ59d"")"
"c(""a2lqR4JMr0"", ""NWMWlBK5lz"")","c(""a2lqR4JMr0"", ""NWMWlBK5lz"")","c(""a2lqR4JMr0"", ""NWMWlBK5lz"")",mls,1,NA,"c(""a2lqR4JMr0"", ""NWMWlBK5lz"")"
"c(""zeQZBOzQKw"", ""0KPqjA456v"")","c(""zeQZBOzQKw"", ""0KPqjA456v"")","c(""zeQZBOzQKw"", ""0KPqjA456v"")",mls,1,NA,"c(""zeQZBOzQKw"", ""0KPqjA456v"")"
"c(""wvq9B9wQWn"", ""KAqBN0Vqbg"")","c(""wvq9B9wQWn"", ""KAqBN0Vqbg"")","c(""wvq9B9wQWn"", ""KAqBN0Vqbg"")",mls,1,NA,"c(""wvq9B9wQWn"", ""KAqBN0Vqbg"")"
"c(""YgOMngl5wN"", ""NWMWlBK5lz"")","c(""YgOMngl5wN"", ""NWMWlBK5lz"")","c(""YgOMngl5wN"", ""NWMWlBK5lz"")",mls,1,NA,"c(""YgOMngl5wN"", ""NWMWlBK5lz"")"
"c(""pzeQZ6xQKw"", ""KAqBN0Vqbg"")","c(""pzeQZ6xQKw"", ""KAqBN0Vqbg"")","c(""pzeQZ6xQKw"", ""KAqBN0Vqbg"")",mls,1,NA,"c(""pzeQZ6xQKw"", ""KAqBN0Vqbg"")"
"c(""APk5LGOMOW"", ""KAqBN0Vqbg"")","c(""APk5LGOMOW"", ""KAqBN0Vqbg"")","c(""APk5LGOMOW"", ""KAqBN0Vqbg"")",mls,1,NA,"c(""APk5LGOMOW"", ""KAqBN0Vqbg"")"
"c(""mvzqoLZQap"", ""0KPqjA456v"")","c(""mvzqoLZQap"", ""0KPqjA456v"")","c(""mvzqoLZQap"", ""0KPqjA456v"")",mls,1,NA,"c(""mvzqoLZQap"", ""0KPqjA456v"")"
"c(""gpMOLwl5zy"", ""zeQZkL1MKw"")","c(""gpMOLwl5zy"", ""zeQZkL1MKw"")","c(""gpMOLwl5zy"", ""zeQZkL1MKw"")",mls,1,NA,"c(""gpMOLwl5zy"", ""zeQZkL1MKw"")"
"c(""19vQ2095K6"", ""0KPqjA456v"")","c(""19vQ2095K6"", ""0KPqjA456v"")","c(""19vQ2095K6"", ""0KPqjA456v"")",mls,1,NA,"c(""19vQ2095K6"", ""0KPqjA456v"")"
"c(""0KPqjA456v"", ""zeQZBOzQKw"")","c(""0KPqjA456v"", ""zeQZBOzQKw"")","c(""0KPqjA456v"", ""zeQZBOzQKw"")",mls,1,NA,"c(""0KPqjA456v"", ""zeQZBOzQKw"")"
"c(""a2lqRX2Mr0"", ""WBLMvYAQxe"")","c(""a2lqRX2Mr0"", ""WBLMvYAQxe"")","c(""a2lqRX2Mr0"", ""WBLMvYAQxe"")",mls,1,NA,"c(""a2lqRX2Mr0"", ""WBLMvYAQxe"")"
"c(""mvzqoLZQap"", ""9z5k7Yg5A3"")","c(""mvzqoLZQap"", ""9z5k7Yg5A3"")","c(""mvzqoLZQap"", ""9z5k7Yg5A3"")",mls,1,NA,"c(""mvzqoLZQap"", ""9z5k7Yg5A3"")"
"c(""NWMWlBK5lz"", ""zeQZBOzQKw"")","c(""NWMWlBK5lz"", ""zeQZBOzQKw"")","c(""NWMWlBK5lz"", ""zeQZBOzQKw"")",mls,1,NA,"c(""NWMWlBK5lz"", ""zeQZBOzQKw"")"
"c(""kRQabn8MKZ"", ""pzeQZ6xQKw"")","c(""kRQabn8MKZ"", ""pzeQZ6xQKw"")","c(""kRQabn8MKZ"", ""pzeQZ6xQKw"")",mls,1,NA,"c(""kRQabn8MKZ"", ""pzeQZ6xQKw"")"
"c(""9z5k7Yg5A3"", ""zeQZBOzQKw"")","c(""9z5k7Yg5A3"", ""zeQZBOzQKw"")","c(""9z5k7Yg5A3"", ""zeQZBOzQKw"")",mls,1,NA,"c(""9z5k7Yg5A3"", ""zeQZBOzQKw"")"
"c(""Z2vQ1xlqrA"", ""a2lqR4JMr0"")","c(""Z2vQ1xlqrA"", ""a2lqR4JMr0"")","c(""Z2vQ1xlqrA"", ""a2lqR4JMr0"")",mls,1,NA,"c(""Z2vQ1xlqrA"", ""a2lqR4JMr0"")"
"c(""kRQand1MKZ"", ""wvq9B9wQWn"")","c(""kRQand1MKZ"", ""wvq9B9wQWn"")","c(""kRQand1MKZ"", ""wvq9B9wQWn"")",mls,1,NA,"c(""kRQand1MKZ"", ""wvq9B9wQWn"")"
"c(""jYQJ8EW5GR"", ""kRQabn8MKZ"")","c(""jYQJ8EW5GR"", ""kRQabn8MKZ"")","c(""jYQJ8EW5GR"", ""kRQabn8MKZ"")",mls,1,NA,"c(""jYQJ8EW5GR"", ""kRQabn8MKZ"")"
"c(""zeQZkL1MKw"", ""KAqBN0Vqbg"")","c(""zeQZkL1MKw"", ""KAqBN0Vqbg"")","c(""zeQZkL1MKw"", ""KAqBN0Vqbg"")",mls,1,NA,"c(""zeQZkL1MKw"", ""KAqBN0Vqbg"")"
"c(""NWMWlBK5lz"", ""a2lqR4JMr0"")","c(""NWMWlBK5lz"", ""a2lqR4JMr0"")","c(""NWMWlBK5lz"", ""a2lqR4JMr0"")",mls,1,NA,"c(""NWMWlBK5lz"", ""a2lqR4JMr0"")"
"c(""APk5LGOMOW"", ""a2lqR4JMr0"")","c(""APk5LGOMOW"", ""a2lqR4JMr0"")","c(""APk5LGOMOW"", ""a2lqR4JMr0"")",mls,1,NA,"c(""APk5LGOMOW"", ""a2lqR4JMr0"")"
"c(""WBLMvYAQxe"", ""pzeQZ6xQKw"")","c(""WBLMvYAQxe"", ""pzeQZ6xQKw"")","c(""WBLMvYAQxe"", ""pzeQZ6xQKw"")",mls,1,NA,"c(""WBLMvYAQxe"", ""pzeQZ6xQKw"")"
"c(""pzeQZ6xQKw"", ""jYQJ19EqGR"")","c(""pzeQZ6xQKw"", ""jYQJ19EqGR"")","c(""pzeQZ6xQKw"", ""jYQJ19EqGR"")",mls,1,NA,"c(""pzeQZ6xQKw"", ""jYQJ19EqGR"")"
"c(""zeQZBOzQKw"", ""pzeQZ6xQKw"")","c(""zeQZBOzQKw"", ""pzeQZ6xQKw"")","c(""zeQZBOzQKw"", ""pzeQZ6xQKw"")",mls,1,NA,"c(""zeQZBOzQKw"", ""pzeQZ6xQKw"")"
"c(""gpMOLwl5zy"", ""APk5LGOMOW"")","c(""gpMOLwl5zy"", ""APk5LGOMOW"")","c(""gpMOLwl5zy"", ""APk5LGOMOW"")",mls,1,NA,"c(""gpMOLwl5zy"", ""APk5LGOMOW"")"
"c(""mvzqoLZQap"", ""eVq3ya6MWO"")","c(""mvzqoLZQap"", ""eVq3ya6MWO"")","c(""mvzqoLZQap"", ""eVq3ya6MWO"")",mls,1,NA,"c(""mvzqoLZQap"", ""eVq3ya6MWO"")"
"c(""pzeQZ6xQKw"", ""kRQabn8MKZ"")","c(""pzeQZ6xQKw"", ""kRQabn8MKZ"")","c(""pzeQZ6xQKw"", ""kRQabn8MKZ"")",mls,1,NA,"c(""pzeQZ6xQKw"", ""kRQabn8MKZ"")"
"c(""YgOMngl5wN"", ""jYQJ8EW5GR"")","c(""YgOMngl5wN"", ""jYQJ8EW5GR"")","c(""YgOMngl5wN"", ""jYQJ8EW5GR"")",mls,1,NA,"c(""YgOMngl5wN"", ""jYQJ8EW5GR"")"
"c(""gpMOLwl5zy"", ""kaDQ0wRqEv"")","c(""gpMOLwl5zy"", ""kaDQ0wRqEv"")","c(""gpMOLwl5zy"", ""kaDQ0wRqEv"")",mls,1,NA,"c(""gpMOLwl5zy"", ""kaDQ0wRqEv"")"
"c(""EKXMeX3Q64"", ""eVq3ya6MWO"")","c(""EKXMeX3Q64"", ""eVq3ya6MWO"")","c(""EKXMeX3Q64"", ""eVq3ya6MWO"")",mls,1,NA,"c(""EKXMeX3Q64"", ""eVq3ya6MWO"")"
"c(""KAqBN0Vqbg"", ""a2lqR4JMr0"")","c(""KAqBN0Vqbg"", ""a2lqR4JMr0"")","c(""KAqBN0Vqbg"", ""a2lqR4JMr0"")",mls,1,NA,"c(""KAqBN0Vqbg"", ""a2lqR4JMr0"")"
