player_id,display_name,league_id,position_group,age,is_domestic_player,season_year,normalized_name,tactical_role,minutes,team_strength,latent,press,progress,create,finish,defend,boost,npxg_p90,xa_p90,shots_p90,pressures_p90,tackles_p90,interceptions_p90,progressive_passes_p90,progressive_carries_p90,goals_added_p90,aerial_win_pct,pass_completion_pct,crosses_p90,yoy_delta,salary,cost_tier,minutes_share,team_id
demo_001,Emerson Brooks,mls,CB,28.9,0,2025,emerson brooks,progressive_center_back,1199,1.9090421621289335,0.08108153871340285,0.07713104300189848,-0.4149903145999345,0.7510902388557733,1.8225340117608066,-0.24691275068548824,0.15,0.405161317342701,0.27850854280815823,2.8661434990295516,11.087932653326334,1.3866378091812408,1.1163430375399477,4.250861391356213,2.1309797553750895,0.08054010972992916,0.4727969718285667,0.7102845951955589,0.4077791089587768,-0.02062835296392418,935242,4,0.3918300653594771,mls_team_03
demo_002,Riley Petrov,mlsnp,W,21,0,2025,riley petrov,transition_winger,1605,-0.7771411958552634,-0.4482147955388409,-0.8265945803565141,-0.4890043222493243,-0.5964918604065744,-0.4071051065733705,-0.2837627647875345,-0.25,0.12483255889860354,0.13273222942435334,1.6757247485005786,8.023822991657614,1.2327427865584955,1.2276231427095754,2.7668145676340976,2.3690278034111754,0.04926090189582174,0.44252540593447587,0.7900361270484695,0.763084991191513,0.027838353366735572,42166,1,0.5245098039215687,mlsnp_team_04
demo_003,Alex Nguyen,uslc,FW,26.8,0,2025,alex nguyen,pressing_striker,1195,-1.302305262613107,-2.5538069502659657,-2.636758568860744,-3,-2.1271436080544563,-2.8242833064542974,-0.33362120000951906,-0.1,0.010041043194112032,0.01,0.2821005130921542,4.780082206236976,0.9577172628250061,1.1417823998914032,0.5,0.3,-0.007802626895807831,0.4601436896208842,0.6990669260249159,1.1021095265201113,0.14409382947497754,86339,1,0.39052287581699346,uslc_team_06
demo_004,Reese Silva,mlsnp,FB,30.6,1,2025,reese silva,overlapping_fullback,1419,2.6234951668186794,-0.31293253511901437,0.4930792358120882,-0.24755722749490253,1.1150324584927946,-1.1806245425657522,1.5196038554741906,-0.25,0.14660185592622416,0.291348000501284,1.0865618626445046,17.80713991631653,3.2701581605434655,2.154940535294786,3.641274575299841,3.364602426983737,0.037944502334824916,0.6039068760945245,0.7550251009542892,2.3466736587570485,-0.08180252686364892,71009,1,0.46372549019607845,mlsnp_team_01
demo_005,Casey Costa,mlsnp,W,33,0,2025,casey costa,transition_winger,1074,0.22962891434680732,0.04138315204029758,0.7779369294024343,-0.20214764138107785,0.1930854079044023,-0.39584306321837587,0.03922097258260432,-0.25,0.18451819160504296,0.12942866012283785,1.6881054166955645,15.007103472616125,1.0881165000993724,1.1084685466777149,2.72850314196042,3.2086151220317856,0.09673742204487569,0.5584170622616705,0.7198784441453148,0.6781579473085163,0.01402825786663979,25896,1,0.3509803921568627,mlsnp_team_06
demo_006,Hayden Mensah,uslc,CM,18.2,0,2025,hayden mensah,ball_winning_midfielder,1130,0.18674989214188545,-1.7377280613376198,-0.3191094912457593,-1.8205621680395039,-2.1929980710869,-2.0789358251013845,0.6906022158578551,-0.1,0.04460364503929949,0.01,0.7928568942966207,10.206943559191082,2.2094845355807085,1.863180210890303,1.3506844160245162,0.555554435829488,-0.03330530595098544,0.5299588494485437,0.736185687075418,1.5050008676047097,0.017709916916455515,131832,1,0.369281045751634,uslc_team_08
demo_007,Emerson Brooks,uslc,FW,30.3,0,2025,emerson brooks,pressing_striker,2178,0.07613663495028053,0.5499396596983803,0.6652819045224594,-0.21942401032406245,1.7114540153560782,-0.01885838462144851,2.1436014184186374,-0.1,0.3558043541859573,0.3571832107829077,1.99265290037549,15.84322775497995,2.453808452925587,1.903452652334627,4.245223568344942,3.0812134966051192,0.1330595833421762,0.5935649451420596,0.732410232509344,0.6964040939171823,0.05139488883928743,90569,1,0.711764705882353,uslc_team_05
demo_008,Rowan Nakamura,mls,W,21.1,1,2025,rowan nakamura,transition_winger,1636,1.4048601863213326,-0.5972736925933219,-0.5745931413104803,-0.7954271812888838,0.8979210694589354,-0.11903929437010141,0.21629811238639957,0.15,0.2750697808657659,0.2655578372882653,2.121475600139801,11.809753760738973,1.0301110703774305,1.764651674479072,3.0954285244475597,1.7501967106465908,0.07015029227576916,0.5389530209587292,0.7126864183757115,1.119108438404377,0.03323996853671539,459815,3,0.534640522875817,mls_team_01
demo_009,Avery Okoye,mls,CB,19.7,1,2025,avery okoye,progressive_center_back,1645,-0.19172223533631724,1.447741806036548,0.36163349065641204,0.6849275350446209,0.6600978910465152,2.586858437303696,0.7624810778692819,0.15,0.6566998396187931,0.22167201240326606,2.7847507187214933,13.582396767777098,2.002705395808915,1.5607004028800862,5.592964023203486,4.135099978918269,0.1389401484921667,0.454937522489185,0.7799484303133448,1.6900259381678129,0.03247073306056393,738441,4,0.5375816993464052,mls_team_03
demo_010,Casey Costa,uslc,W,28.3,0,2025,casey costa,transition_winger,2838,1.4593921641560914,0.2648681142642594,-0.006857486752906927,-0.019097766605644106,0.8398735253877524,-0.08977078618241718,0.3316826254761212,-0.1,0.17685242828461978,0.23383283196009022,1.8496097286912359,10.664991469841864,2.331700002943697,1.4176078520307418,4.142709630845371,2.5039664764213088,0.042035250371393905,0.4556899992649288,0.7418698142814781,1.3809711294780418,-0.016206897681171346,30574,1,0.9274509803921569,uslc_team_02
demo_011,Riley Okafor,uslc,FB,22.1,0,2025,riley okafor,overlapping_fullback,1765,-0.22065545113454113,-0.7887828077824716,0.44612087774361886,-0.4199477260640373,-0.685304970215862,-1.6210495803219023,1.9480422383398102,-0.1,0.01,0.16749771254574203,0.8737990488002434,14.504610971498783,2.8575825448548056,2.1594813702342632,2.469377081468701,1.9596064167295097,0.046727273039630764,0.4377667512965049,0.8295351840832167,1.8971710404658544,0.027038011087428225,53099,1,0.576797385620915,uslc_team_03
demo_012,Taylor Patel,mls,CM,30.3,1,2025,taylor patel,ball_winning_midfielder,1478,0.5051458862731404,0.16773222067152874,0.17616281137692494,0.336026207914376,0.7290452677862193,-0.8513854420542694,1.3614883006057708,0.15,0.208731239893109,0.286369914432882,1.059236215189769,13.909854169464424,1.8255993177154906,1.669981147939334,3.713501436571049,3.376801255815238,0.07194213991168273,0.572498940071512,0.8180063144744514,1.8555282022379438,-0.016131823980359096,308776,3,0.4830065359477124,mls_team_05
demo_013,Blake Silva,mlsnp,FB,27.7,0,2025,blake silva,overlapping_fullback,2248,-1.0334970060728785,0.2575831082012603,-0.5588539739513125,0.8864368282758168,0.6789413737112189,0.8737043978106975,0.7384361786064633,-0.25,0.3869321873054967,0.20831044735266138,2.098348125689812,10.907167438137957,1.7455189929586838,1.4525962694184773,5.159595985715689,3.4798983725509336,0.11365780485510225,0.5532133065075259,0.8290031246300124,2.9696940867043558,-0.01072513336402263,45906,1,0.734640522875817,mlsnp_team_06
demo_014,Hayden Nguyen,mls,W,25.9,1,2025,hayden nguyen,transition_winger,1508,0.1704734714592196,0.9120473674503087,0.9413735637798828,1.2536250563051419,0.8956368882866268,0.9372654650315319,-0.8109530042691122,0.15,0.41347668130076926,0.2327320131679376,2.5196404817152285,18.67026902626641,0.7883357176651475,1.173635755139192,5.2480224554170345,4.786017385706049,0.08382890237295418,0.26455941769435687,0.8071046438317058,1.309397112051902,0.00823390295896363,1224813,4,0.4928104575163399,mls_team_08
demo_015,Rowan Hassan,uslc,FW,18.4,0,2025,rowan hassan,pressing_striker,2624,1.2006681608919263,-0.15687238255486705,1.0156700086268138,-0.07847842691658989,0.19372845529070945,-1.2807561837054804,0.15705205041019848,-0.1,0.11559738119877039,0.23903984021955207,0.9249187004066383,19.65926952287794,1.2506916615887405,1.7970163738624882,4.450027210045496,2.3970119638354372,0.041462521582985974,0.6402974128822413,0.818887886327427,1.1350165533723686,0.08800626225815203,82498,1,0.857516339869281,uslc_team_01
demo_016,Sam Petrov,uslc,FB,22.3,1,2025,sam petrov,overlapping_fullback,1573,-0.16340591476573627,-2.0333757084470863,-3,-1.3345563654517327,-3,-2.1323798501635425,0.5415086798771882,-0.1,0.01,0.01,0.442492140765542,1.02160946431378,2.1331891910027623,1.2065676487068089,2.4890717391564245,1.9234482971319735,-0.00582821537364636,0.42807875869861234,0.6859598561367282,2.2674735542272475,0.005118434977271518,118214,1,0.5140522875816993,uslc_team_08
demo_017,Parker Dubois,mlsnp,FB,18.5,0,2025,parker dubois,overlapping_fullback,1430,1.282475863122638,-1.2996658230785754,-1.4773401533309465,-0.4654640569511804,-2.4232017781416983,-1.2994031213078248,-1.4362913437786498,-0.25,0.12905312513408831,0.01,1.1725205602248354,8.370834357026677,1.38163732028224,0.5706665268340134,2.7757267735654594,3.0274094352580008,0.02691000406993818,0.2446547459279637,0.7529746296013369,2.287180908554584,-0.04683532274347783,28348,1,0.4673202614379085,mlsnp_team_06
demo_018,Casey Costa,mls,FW,31.5,1,2025,casey costa,pressing_striker,1099,2.7271963879112673,-0.8572506599290353,-0.22976928049360584,-1.8368219569156343,-0.2806513341615856,-1.1322733357121209,-1.7410310463938392,0.15,0.21401357927914905,0.18031061477014113,1.4635975617382173,8.845915812009347,0.2,0.2,1.466528413017436,0.9873495540933359,0.0331626544643549,0.2876787334445673,0.7506465458275537,0.7229304624531147,-0.042561981241119935,230130,2,0.3591503267973856,mls_team_08
demo_019,Riley Johansson,uslc,CB,20,0,2025,riley johansson,progressive_center_back,1997,0.9419242173309245,0.42626529453619055,1.8105362906552838,1.050768710188931,0.49509369715757073,-0.5508014018069506,-1.3943828644178673,-0.1,0.24092420322670255,0.17097920080674062,2.08956441440409,16.34223018502041,0.9100496149578282,0.5253876592556562,5.872195525226975,4.276643324424806,0.09336362417319219,0.35940052445070203,0.7846804858167773,0.5038881295340978,-0.08145105914563613,181721,2,0.6526143790849673,uslc_team_06
demo_020,Jamie Patel,uslc,W,18.8,0,2025,jamie patel,transition_winger,2680,-0.24861403727955858,-0.2848362630847537,-0.7157603194752903,0.2597350161538106,-0.3901298962115218,-0.6472250579771592,1.2145149084587392,-0.1,0.09829228212517888,0.08956780698207054,1.6426248681393176,8.983653123529896,1.908774546980385,1.8943920253800164,3.744434771187648,2.9629489267883447,0.0633456562582578,0.5163480615998393,0.791882987117403,1.4662528484517927,0.1574978593165747,70954,1,0.8758169934640523,uslc_team_06
demo_021,Riley Ivanov,uslc,W,23.5,1,2025,riley ivanov,transition_winger,1586,0.09647885970648512,-0.6143685419698616,0.44922657887790407,0.044971619473003765,-1.9552101251217326,-1.1762244869947633,0.41833789176097574,-0.1,0.12758690542520248,0.01,1.694864691455172,13.065989352707248,2.0792947548110483,1.2797891971055266,3.153776431521547,2.4767239853469456,0.044912333496172116,0.5182524227127427,0.7510358189485813,0.5199930398755468,0.21974722201653624,81802,1,0.5183006535947713,uslc_team_06
demo_022,Blake Schmidt,uslc,CB,28.4,0,2025,blake schmidt,progressive_center_back,1957,-0.4339309413017391,-0.8448908321574826,-1.1479174676507493,-1.4810527307682542,-1.3004892247719737,-1.3843951405455837,-1.9504553871992791,-0.1,0.0794899010339147,0.022804204567199882,1.3508491882909794,12.072530137178289,0.39590562237923976,0.2965976320041772,2.5618351609135988,0.3514613785958398,0.03269981675893831,0.23162360920194636,0.705255241572938,1.4089997445357476,-0.006016504088342263,91921,1,0.6395424836601307,uslc_team_04
demo_023,Jordan Brooks,uslc,W,31.4,0,2025,jordan brooks,transition_winger,2000,2.1786678674515656,0.15369495721887183,-0.5680174384243268,1.8399465483522208,0.30745907793610777,-1.6887235951698534,0.2670315860941155,-0.1,0.04670816544390394,0.08008340925573497,0.8868219166531774,8.63566484357251,1.5752470744952256,1.750534542258516,6.317579118777512,4.376647918536778,0.08301202619544058,0.5225773151717085,0.8514442722487694,0.7748709218531686,-0.03343739359973069,84683,1,0.6535947712418301,uslc_team_01
demo_024,Quinn Okafor,uslc,FB,21.7,0,2025,quinn okafor,overlapping_fullback,2653,-2.9587796191301243,-0.851432275778188,-1.6454664246040835,-2.667407397793846,-1.2404906123804453,-0.9708985996044863,0.4638319381435125,-0.1,0.11937375835929537,0.01,1.2936826430644668,8.092456238432236,1.9913143889161757,1.1616817879251387,0.5,0.5301784029526175,0.06532756380265926,0.49599630739181677,0.6657620050491849,3.1347631798463937,-0.05853720800579391,96451,1,0.8669934640522876,uslc_team_01
demo_025,Sam Andersen,mlsnp,CM,23.9,1,2025,sam andersen,ball_winning_midfielder,2198,0.08088823919911373,-0.39792107294288503,-0.25268976070715704,-0.3931169466830193,-0.3328938625477849,0.361030599033218,0.14373955817972617,-0.25,0.2175401585927203,0.13499843634124137,2.5958926410583065,12.816192871134042,2.249386794846468,1.1724070029342695,3.5005477729506596,2.6439687535916767,0.10134847971233027,0.5937321281790988,0.8029032586629846,1.7172402181322108,0.04457875949832098,23635,1,0.7183006535947712,mlsnp_team_04
demo_026,Alex Dubois,mlsnp,W,27.3,0,2025,alex dubois,transition_winger,1156,0.11013780461722106,-0.9399772262809529,-0.9556675155137155,-0.8573025580311179,-0.6320594288535155,-0.014887257862098768,-0.9445220382533694,-0.25,0.2522777247035851,0.08926635852732763,1.4871886850591407,9.617028480893902,1.3569067497344043,0.8020411849841665,3.063412977263497,1.6144507751673616,0.06277806072553682,0.4010219755060493,0.7707441615543829,1.2103683937198173,0.08536726197980744,95478,1,0.37777777777777777,mlsnp_team_05
demo_027,Reese Okoye,mls,W,26.5,0,2025,reese okoye,transition_winger,1382,0.21344832631265256,-1.3882537414194178,-1.614285021036197,-1.4930418699064805,-1.4982553182499625,0.27122824729867623,-1.4690252765442262,0.15,0.3576338212251734,0.02020007444629923,1.9820702804971682,8.276978550014682,0.5596054100277975,0.5588446265444968,1.7483751074911755,1.468180878334321,0.02538368677575323,0.32934084989735934,0.7529940381253893,1.397559652411544,0.07745688268309367,249243,2,0.4516339869281046,mls_team_08
demo_028,Cameron Brooks,mls,W,18.6,0,2025,cameron brooks,transition_winger,1352,-1.557819612632322,0.955184588863398,1.6917408006712766,1.4786958903676153,1.2972590762546732,1.167416565120565,0.6626280079307907,0.15,0.4794182746276022,0.22225129112042913,2.5581621064796956,15.774385383989301,2.1241921757043425,1.5482101243511497,5.993287067844359,3.270680769304331,0.09417155010498077,0.512533319013435,0.873005360671386,1.3381760709376211,0.019387482615532255,335676,3,0.4418300653594771,mls_team_03
demo_029,Rowan Johansson,uslc,W,25.1,1,2025,rowan johansson,transition_winger,1885,0.21621154625775754,-1.3174954700323815,-1.184816654045742,-1.2306711052032009,-1.5119470288638723,-2.1590985333447543,-0.7769346718970156,-0.1,0.01,0.01,0.2,7.528764805052887,0.7056089358025539,0.898191171675166,2.1070832919611617,2.1740888340381583,0.04548726430332363,0.4263645837509187,0.7840410487181833,0.49654591673451576,0.12068539970654481,56833,1,0.6160130718954249,uslc_team_03
demo_030,Quinn Mensah,mls,FW,32.2,1,2025,quinn mensah,pressing_striker,1798,0.1876638170264402,0.07302914615962183,0.29894981995351055,-0.47160917688923354,-0.18165311612349136,0.87490293513452555,-0.33226734829003035,0.15,0.3256725566532502,0.13324469467247507,2.219411990771043,11.535876816432484,1.4296935982698267,0.9927234826548381,3.2281752964972847,2.0935158964636447,0.11216033025638807,0.3668529843094117,0.7702143631245436,1.602342673157944,0.09934677693026572,611849,3,0.5875816993464053,mls_team_04
demo_031,Casey Costa,uslc,CM,21.6,0,2025,casey costa,ball_winning_midfielder,2021,1.2586221252136003,-0.5681858485683701,-0.6899739793412714,0.4188374652761836,-0.7714709633747785,0.31169016992912324,0.9868281005879932,-0.1,0.2532519894208147,0.06966642859168512,2.0909913835621916,5.545203406033214,2.380261773827772,1.7409097519404393,4.948314561091881,3.35629874435442,0.053580030978231094,0.4584565257707169,0.8228938914027574,1.587527005403551,-0.0049237701067466454,90197,1,0.6604575163398693,uslc_team_08
demo_032,Casey Silva,uslc,FB,28.2,1,2025,casey silva,overlapping_fullback,1406,0.5235177809089643,-1.058450668783831,-1.9656618206672578,-1.2641889345447317,-0.5473407246533788,0.4507531955475079,0.9350002769976016,-0.1,0.26851878436813165,0.12697753801217346,1.2217695997165716,7.35498872770789,2.1987180230698575,1.6503254797140676,2.3116506537696395,1.9413868748475385,0.03385860788099704,0.5848741808691718,0.7158066688289682,2.2459271544685024,0.03215791200445887,81093,1,0.4594771241830065,uslc_team_03
demo_033,Hayden Ivanov,mls,CM,31.7,0,2025,hayden ivanov,ball_winning_midfielder,1574,1.1154542774799587,0.2593135384170687,-0.8122151086775176,0.686788589920831,0.9161658449499366,0.9083163389685851,0.006590063032746563,0.15,0.3966654628567748,0.30553995039677956,2.455351614456508,8.73243130818369,1.3250174194643005,1.4324075834399397,3.8222161024971406,3.2615709373974475,0.1152384375899403,0.4564363491267311,0.8028323811030975,0.701989942031518,0.05536601824068964,223792,2,0.5143790849673202,mls_team_04
demo_034,Jamie Mensah,mlsnp,W,18.7,1,2025,jamie mensah,transition_winger,2245,-0.9575022421704693,0.37313450451916086,0.5225227158839802,-0.09342255138512279,2.241517773784727,1.5077295515543292,-0.7406094172093611,-0.25,0.40663937921865395,0.35407054249627146,2.6189925110970664,13.214960480112639,1.0421084875027602,1.0073326950858494,3.7292589134646525,3.639852984219079,0.09863713014442944,0.2870258233251936,0.7976971171021496,1.3812733225740792,-0.0029729691833381188,44828,1,0.7336601307189542,mlsnp_team_01
demo_035,Riley Ali,mls,CB,20,1,2025,riley ali,progressive_center_back,1740,-0.12440557985543202,1.2646667692841465,1.2824018783620121,0.5227487544947971,0.47802072319529687,1.6160026906465093,0.6594509152345817,0.15,0.5966311274587505,0.17990322115282656,2.90242159252379,17.17772396220387,1.7212149707074762,1.5249530360858397,3.6073258676279942,3.676188026099653,0.17600711635711108,0.4351972100848016,0.7874024796745936,0.656958817614588,0.03062150577012409,514043,3,0.5686274509803921,mls_team_07
demo_036,Casey Mensah,uslc,FB,19.5,0,2025,casey mensah,overlapping_fullback,1407,0.1917378290499679,0.32522499606826516,1.2807412275702217,-0.09886209334535512,-0.24074095593674116,-0.6967762908126143,-0.7782787610088592,-0.1,0.14797228113671546,0.11201627081634513,1.5972355645261895,15.94199071505567,1.165891714532545,1.1391423377650967,3.565265799789237,3.115978323054671,0.0919779014449468,0.3949897092987583,0.7610687649980357,2.7876310644238247,-0.06849879998929344,83321,1,0.4598039215686274,uslc_team_07
demo_037,Jordan Costa,mls,CM,24.1,0,2025,jordan costa,ball_winning_midfielder,2383,0.2722172506033466,-0.1384673195083057,0.36529834626309393,-0.8782563141061924,0.3768519615716289,-0.8275658836774605,0.7061384785486711,0.15,0.16559673637885683,0.2246598337632288,1.7306289956913514,12.872994453021963,1.830613880266059,1.5956657782254622,2.5638829449658953,2.526932218267802,0.042150330635750834,0.5889037348629718,0.7557810896431426,1.5172617105109472,-0.05041974878623011,575146,3,0.7787581699346405,mls_team_05
demo_038,Hayden Ali,uslc,CB,32.5,0,2025,hayden ali,progressive_center_back,1808,-0.6938144636732544,2.6024688972798007,3,2.975643428152273,3,3,0.5734812291203535,-0.1,0.5946602508582358,0.4412565117531968,3.0943826531587995,19.94169725620359,1.7772398070474655,1.6314447659436238,9.475483984350772,6.436229883714372,0.20525787269013654,0.5093581501722887,0.95,1.065847510540871,-0.23609067381746177,51697,1,0.5908496732026144,uslc_team_06
demo_039,Sam Schmidt,mlsnp,W,23.5,0,2025,sam schmidt,transition_winger,1250,1.4791719208521332,-0.6502844284879147,-0.6215939664249517,-1.7367492587411113,0.331034111243531,-0.08701457794159118,0.050578067170210406,-0.25,0.19493024372443168,0.1564001602803172,1.7603100481046676,13.366942608284681,1.3405708024945064,1.2822652523345215,2.210624243434752,1.5356546828562343,0.06122651798412258,0.45353950915868807,0.6548544421941432,1.1282907017981885,-0.035203950659160786,23001,1,0.4084967320261438,mlsnp_team_07
demo_040,Emerson Ivanov,uslc,CM,28.9,1,2025,emerson ivanov,ball_winning_midfielder,2826,-0.6117670216427712,-1.0031832283133622,-1.2760100630514843,-1.6881258540293667,-1.377347722978012,-1.5373596485789855,0.12207595083898559,-0.1,0.10289543336475013,0.01,0.6877010617475149,8.45099099751232,1.8934026302489817,1.1079230090201635,2.2394586704038044,2.496671657747145,0.034555136752455175,0.427404340138971,0.6936095654977286,0.8573368919385098,-0.05122853984005653,88029,1,0.9235294117647059,uslc_team_06
demo_041,Hayden Dubois,mls,W,28.5,1,2025,hayden dubois,transition_winger,1099,-1.6143099743593508,-0.5351139128744784,-0.3323654626593795,-0.5160610642624942,-1.0776987638648698,-1.0996853865202012,-1.9247357342628442,0.15,0.09915914729754313,0.10238813172686173,1.149218542017437,11.242071006873239,0.44637733588170436,0.4211396661262338,3.500845632830627,2.1823918050580504,0.0334798154503136,0.2453140137636495,0.7746209581528954,1.0447689315818518,0.08030486615018395,716573,4,0.3591503267973856,mls_team_05
demo_042,Morgan Berg,mls,W,18.4,0,2025,morgan berg,transition_winger,731,0.4024901105906705,-0.11041456677678765,0.1274364111339928,-1.311315188674753,1.246707250287563,-0.8469894307082887,-2.206704943855687,0.15,0.15597980617041193,0.24384466793647858,1.2530632687554106,14.342040744079323,0.2,0.2,2.1089046464393757,2.4691046247002477,0.0931131006723741,0.22873242010020767,0.7403210359035356,0.9149152253011957,-0.06756433715540906,343226,3,0.2388888888888889,mls_team_05
demo_043,Morgan Silva,mls,CB,32.2,0,2025,morgan silva,progressive_center_back,448,0.664555447289484,0.6004301693135733,0.028255257779170595,0.24700855076867717,1.8347076493848258,0.7192088029103962,-0.8918083304684591,0.15,0.32971104467168344,0.32703990997860444,1.8787554960264363,12.843534469201908,1.0402670739599977,0.511959624823129,2.6901089480001437,2.5700904767773896,0.11586990011035263,0.40974531023680183,0.7332896947327666,2.467173115186071,-0.04880479591512493,200353,2,0.14640522875816994,mls_team_05
demo_044,Jordan Okafor,mls,W,26,0,2025,jordan okafor,transition_winger,2191,0.9441270709949366,0.41584505959868195,0.39572053893902587,0.20239918295638232,0.5874671332474364,0.2158311706924631,0.1658382284832957,0.15,0.14197600786373066,0.17251459459746538,1.3874528883557802,11.42673637796303,1.4350583260256276,1.4398257315042202,5.330506178325922,2.948396882418211,0.10206431600146296,0.42238326160618506,0.7585073972682576,1.5007679840670376,-0.013278580038389932,578877,3,0.7160130718954248,mls_team_06
demo_045,Blake Mensah,uslc,FB,28.4,0,2025,blake mensah,overlapping_fullback,1480,-0.9462607977082886,-0.10575064667699172,1.294796509101404,0.8365041181216664,1.254799989924862,-0.8591658099660309,0.24779674609156888,-0.1,0.17444661862046118,0.36102976922447405,1.9205946313706148,15.071483583211108,1.6796488529358609,1.633967780391145,4.6940547097389524,3.5973485519121766,0.10683544355644978,0.4828623140302096,0.7685909186177798,3.2637806044158895,-0.03467915357232023,71059,1,0.48366013071895425,uslc_team_05
demo_046,Sam Ivanov,mlsnp,FW,18.7,1,2025,sam ivanov,pressing_striker,1635,-0.24828844923889604,-0.8565625382461214,-1.3470487825453572,-1.0368382218038088,-0.8629520019644354,0.514796676665018,-0.9340940900762087,-0.25,0.30716355975546883,0.03478231420222651,1.7115563009906585,6.40460333298659,1.4993484974961762,0.3562271906793208,2.238569045594225,1.5140766370804046,0.02446136094334429,0.35424848283275256,0.7367038872481585,0.9648742173097343,0.03107827435935929,27871,1,0.5343137254901961,mlsnp_team_02
demo_047,Jordan Johansson,mls,FB,31.7,1,2025,jordan johansson,overlapping_fullback,1974,-1.3284364685390775,1.1273273343221628,2.1578523487709695,0.7610262238613289,0.4730070424799473,1.1421804807223437,-0.38197205698159076,0.15,0.3518898065534128,0.23954286766722946,2.5678147664132562,15.106552990783275,0.9585186242255084,1.3046631949374268,4.535250086577138,3.815163485734261,0.1292295433198214,0.4306212644042655,0.8629835745807628,2.596285748916349,0.08320076078554364,394380,3,0.6450980392156863,mls_team_02
demo_048,Morgan Andersen,uslc,FB,18.5,0,2025,morgan andersen,overlapping_fullback,1520,0.8447637420989175,0.9162816214484533,0.7573333799090216,0.4520291621676113,0.8757934852216184,1.5225469810144916,0.951567034812709,-0.1,0.49586064202044255,0.2350960257859275,2.380869233628834,13.938035019523157,2.1369353570258522,1.342236377565646,5.187412471721274,3.7769689434722804,0.11167259974482682,0.597525018767197,0.7980178847945073,4.07283668135045,-0.07247395132794206,129766,1,0.49673202614379086,uslc_team_05
demo_049,Reese Hassan,mlsnp,CM,29.7,1,2025,reese hassan,ball_winning_midfielder,835,0.3476967324386477,-0.7243795927243609,0.6132378246450454,-0.41132486493949955,-0.6604427234851341,-1.028429752721166,-1.2108409844300678,-0.25,0.05094362111490228,0.06694123633053614,1.6352642998487417,15.027609932167309,0.3463569374013343,0.44549943428103767,3.9538240744739737,2.178438438689497,0.061332589769400835,0.40901735275512546,0.7550633560497843,0.7848546425622405,0.03712688154421631,65177,1,0.272875816993464,mlsnp_team_06
demo_050,Quinn Berg,mlsnp,FW,25.9,1,2025,quinn berg,pressing_striker,630,0.9137625864311069,0.6867790875747425,0.39664186543364105,0.4631634002265361,-0.5608777907404957,1.2267380582525176,0.5481764330904433,-0.25,0.2958112397042652,0.06944785991480092,2.005853201052177,12.153607314802581,2.0137110828633715,1.1417151752861265,5.348747562402974,3.643044164505327,0.11632687990419774,0.49076779563654577,0.8886655363792966,0.8786499356972208,-0.035494251299966105,41380,1,0.20588235294117646,mlsnp_team_06
demo_051,Riley Ali,mls,CM,22,0,2025,riley ali,ball_winning_midfielder,1596,0.6082745533806811,0.45008579164461177,0.7037490624254832,0.06944059668877,0.3128874262475778,1.27690443886442,0.8492960112375878,0.15,0.37638255040995244,0.1551438809413615,2.2995649811640573,14.99364391449173,1.577108652768329,1.5791196509644903,4.251010200810922,3.386103060907761,0.09566109929330456,0.4484901406866516,0.7585277385831812,1.1291940094663948,-0.07035866491841689,673580,3,0.5215686274509804,mls_team_03
demo_052,Alex Ivanov,mls,CB,25.6,0,2025,alex ivanov,progressive_center_back,1905,-0.6075479878044869,1.0452216061050374,1.2630850549555424,0.849450196363079,0.7103359318391693,1.5858008024510137,-0.4700625204436547,0.15,0.3885793201794588,0.2806966472269322,2.3857650654858134,17.300456894965542,0.7074330408776339,0.9772533759375045,4.9503364883067835,3.8983581557958464,0.09185203478936212,0.452704674958328,0.8185309180586554,1.7521830754643457,0.087786265439028,359607,3,0.6225490196078431,mls_team_05
demo_053,Emerson Okoye,uslc,CM,26,1,2025,emerson okoye,ball_winning_midfielder,433,0.17965807087184418,0.14962903443743947,0.3708158746250498,0.8952918546942925,0.5426584888639683,0.9026540287674956,0.30225206864205956,-0.1,0.3928023485384819,0.22530307506152805,2.3566768271435943,12.886525903520456,1.8485151285254653,1.4541451422243827,4.924209473089439,3.4946999767192963,0.08692917349688799,0.4836848521374016,0.8024220560194371,0,-0.08274562684989391,59413,1,0.1415032679738562,uslc_team_07
demo_054,Avery Patel,mlsnp,CM,19.3,0,2025,avery patel,ball_winning_midfielder,1974,-1.9084094194173773,-1.141067153200693,-0.37994996594084146,-0.04358702879876031,-1.5660498981855169,-2.6023712112118518,1.2931002137162655,-0.25,0.01,0.01,0.2,9.910899326755017,2.0507067930913965,1.740961720261858,3.013390985608752,2.405266394517575,0.06396247122416031,0.4826022798572809,0.7419652509529051,2.226796913533765,-0.05609626266214534,35266,1,0.6450980392156863,mlsnp_team_06
demo_055,Casey Garcia,uslc,FB,31.7,1,2025,casey garcia,overlapping_fullback,2053,0.5029462576890955,0.8024994024196571,0.6856963523430144,0.3523209471486817,1.188275496607574,0.9442629074569076,1.7509150952662527,-0.1,0.33980847676585874,0.22103101568198036,3.082075732014036,12.652845196309173,1.95926917344311,2.07054413269951,4.578542415783972,2.9264924408625115,0.07280887684692317,0.660354829089807,0.8183271466228967,2.1531019738543145,0.04392123949489153,97350,1,0.6709150326797385,uslc_team_02
demo_056,Jamie Patel,uslc,FW,26.5,1,2025,jamie patel,pressing_striker,2577,0.9688991534784991,-0.728716530969446,0.4174948946426587,-0.7143513070119646,-0.29968369892998586,-0.482162820527261,1.288970394308501,-0.1,0.1876072798888825,0.09657506748465561,1.5093858695924087,12.693742612252056,1.876043201303301,1.9202393034877099,2.9403538050614944,2.5453577795120363,0.04008022622690081,0.6144443436345769,0.7305133139528617,0.5867182424283093,0.006440670986448199,30000,1,0.842156862745098,uslc_team_06
demo_057,Reese Hassan,uslc,W,18.9,0,2025,reese hassan,transition_winger,1899,-0.8757371257733274,0.5272092857284807,0.6465028894474365,0.3002801648656411,0.3037499194413593,0.007050317720617261,0.17106721284726806,-0.1,0.19829305854283286,0.21449873927470003,2.203737297270753,17.067928166787425,1.9253001957581781,1.0424280205598624,4.130557095808207,4.191437971513506,0.11114410328617842,0.41517760892451877,0.8260287823030175,1.028861386428857,0.1464541511632098,32690,1,0.6205882352941177,uslc_team_07
demo_058,Parker Petrov,uslc,FB,28.1,1,2025,parker petrov,overlapping_fullback,1923,-2.1360245386980052,1.6734787722123092,2.158172517583632,2.9736559877350657,1.6386729604518422,1.2249216992043084,0.18552675648743072,-0.1,0.40107648947440727,0.27008676212147165,2.7811956202605814,18.656704771888045,1.6640665821479632,1.1174746148395684,8.200002541701798,5.673642482626976,0.12507289539941363,0.6525688043560698,0.8826247966505619,3.029266289097879,0.2157076291817568,61292,1,0.6284313725490196,uslc_team_06
demo_059,Drew Schmidt,mlsnp,FW,27.4,1,2025,drew schmidt,pressing_striker,2163,-1.522827581585013,-1.418828020270831,-1.948710875861978,-1.005293223722486,0.48638421329678017,0.32178461436912376,0.25549458993914487,-0.25,0.28563114592593764,0.16576360842895635,2.198774477779041,5.229491410364982,1.7156741937491982,1.6723552701213453,3.5203762156562926,2.7307211856385516,0.002726356980528033,0.25071004816734244,0.7341159247882791,0.7742774486199514,0.021904038335839995,62619,1,0.7068627450980393,mlsnp_team_02
demo_060,Blake Silva,mlsnp,FB,19.1,1,2025,blake silva,overlapping_fullback,1789,-1.1131182078860709,1.561910801168893,1.1010382976809625,0.3154720989914157,2.800335691853384,1.9063384815202855,0.14188888974393177,-0.25,0.4626736793125283,0.4513604964481499,3.0985673732749826,14.40223738938708,1.8530941636110194,0.5326601164760261,5.850783442122797,2.796698542949237,0.12223570917343587,0.5065680735647284,0.7600629610048788,1.762008485034845,0.0808455719935854,34034,1,0.584640522875817,mlsnp_team_02
demo_061,Parker Brooks,mls,CB,24.6,1,2025,parker brooks,progressive_center_back,1752,1.2409838955358965,1.3531610089180774,2.115816573072163,1.0492849192153573,2.59697060774126,1.2374757126322802,-0.6029237521041165,0.15,0.4058545000133439,0.43095171761768913,2.6246259817364983,18.49364295003808,1.197828723735009,1.1374972647027939,5.5380983051109816,3.763560247321008,0.11847375681756823,0.36812339046173054,0.8089497731961077,0.9550716792756399,0.029066815066795697,237861,2,0.5725490196078431,mls_team_01
demo_062,Cameron Brooks,mlsnp,CM,27.6,0,2025,cameron brooks,ball_winning_midfielder,1870,0.003481935062990248,-0.5286967766915579,0.1274533821209048,-2.1336215748857716,-0.4822077926004275,0.22252379302372283,1.2441434827979405,-0.25,0.20879190706722295,0.06777689378167083,1.7195135030439914,12.645066164419935,1.2921013202660867,2.087080300129101,1.3827442251852757,0.8279838698967773,0.06604338517348256,0.5630279961818462,0.7097814328911882,1.3641217013546805,-0.041029746067413844,43886,1,0.6111111111111112,mlsnp_team_04
demo_063,Sam Costa,mlsnp,FW,30.1,0,2025,sam costa,pressing_striker,2247,-1.2377945859930657,-0.25127277547927845,-0.0464074133995756,-0.3163484423953571,-0.9230959079010099,-0.2876701750979115,0.4946587758966347,-0.25,0.24973916735693036,0.11379501401366401,1.5244846514140757,14.552050557586062,1.8027002239492518,1.785069529447958,3.075382984634267,2.4686653673675316,0.10992149335913606,0.41612477080144095,0.6875666478222656,1.6325810259030602,-0.07843846120502254,90178,1,0.734313725490196,mlsnp_team_07
demo_064,Skyler Nguyen,uslc,FB,23.9,0,2025,skyler nguyen,overlapping_fullback,1541,0.555699118898025,-0.6858476862924978,-0.7619956021623226,-0.19307256896170105,-0.2289489273681118,-0.574767395719981,1.6610037476473027,-0.1,0.10173593992673587,0.07547442985752527,1.5958334223416883,8.867290249368349,2.078350827176351,1.9301129385289866,3.7483109552698646,2.89610000683307,0.06364478855680708,0.5656706689631258,0.7323028295118161,3.2698583584245142,0.10610765497807538,30000,1,0.50359477124183,uslc_team_05
demo_065,Riley Hassan,uslc,FW,29.6,1,2025,riley hassan,pressing_striker,1500,-2.1831493493598977,-0.5703676522541218,0.25806246006412653,-1.1965103871338585,-0.5175294262036774,0.9871221984279204,1.4665592893376713,-0.1,0.4748817587326758,0.1508741554557332,1.649523564246648,14.728071947728424,2.0999648080504065,2.1432763897156675,3.596545883282995,2.220950283449671,0.04101922693122486,0.524363692776268,0.7434924814400092,0.9830223683869954,0.04233509615444109,231847,2,0.49019607843137253,uslc_team_02
demo_066,Taylor Nguyen,uslc,FB,31.1,1,2025,taylor nguyen,overlapping_fullback,1281,-0.24702445709724807,0.579631381546157,0.4229634564121807,-0.31812337290607606,3,0.3135289126257283,1.8718579380893434,-0.1,0.36383023064197717,0.47856691268769935,1.4314849610335387,12.006929559145743,2.1344024984130043,2.1897887834767804,3.476500978316179,3.2052020055115213,0.09204488570557931,0.6345870777699192,0.7232273060100306,3.431487898424822,0.006760681613670848,78541,1,0.41862745098039217,uslc_team_02
demo_067,Riley Schmidt,mls,FW,27.3,1,2025,riley schmidt,pressing_striker,1225,1.1128569275864455,-0.8989590052521148,-0.5464903855941678,-0.01991008334678057,-2.4444754481731295,-1.138284023062686,0.5893157050844302,0.15,0.14689414849514443,0.01,0.9908772107943746,10.80003120521951,1.9643187147834942,1.335163552052654,5.001327084779206,3.3613379355317785,0.022329569174166713,0.5291241794500151,0.81853747596051,1.798903855482786,0.07811716432253019,334071,3,0.40032679738562094,mls_team_07
demo_068,Jordan Nakamura,mls,W,23.4,1,2025,jordan nakamura,transition_winger,1996,-0.3416732370090863,-0.19032988791278266,-1.3424982494177824,-0.8655708736246461,-0.3525958913095642,-0.6289640840187085,-0.23645427118334322,0.15,0.11442287807965502,0.13354701416855053,0.8628102794245214,7.281160281564205,2.0438243527989366,1.2199848599210008,2.8276608719230714,1.3816697887254916,0.0579909241303421,0.4822098410944745,0.7047121488331318,0.96885667027698,-0.07068518956244205,563786,3,0.6522875816993464,mls_team_04
demo_069,Hayden Silva,uslc,CM,32,1,2025,hayden silva,ball_winning_midfielder,2728,1.305438342141067,-0.14390337734646128,1.3979031782620541,0.4915453393984023,1.043068786072026,-0.9845403409619958,0.30871672335749806,-0.1,0.14816135046600257,0.2823478834241646,1.2433272056445632,18.205519623196764,1.831193494889032,1.4469460679264368,4.716052517151811,3.1961906336174284,0.06039252804079291,0.5026636547915506,0.7651055137703904,1.6564238783709635,-0.1278082666247667,41075,1,0.8915032679738563,uslc_team_04
demo_070,Emerson Berg,mls,CB,29.2,0,2025,emerson berg,progressive_center_back,1219,1.7953238714407935,-0.09657265128755535,0.4396048898960466,0.05327887828086639,-1.7753857714191599,0.10555734153910767,-0.012862939041902,0.15,0.18700750172435926,0.01,2.004340008060524,16.113446269022695,2.0719279027856365,1.09631258859601,5.552486884252371,2.876586669236905,0.10440718803947986,0.44294131977842494,0.7730516883584205,1.728283637332926,4.0129497533592656e-4,267990,2,0.3983660130718954,mls_team_03
demo_071,Hayden Andersen,mlsnp,W,19,0,2025,hayden andersen,transition_winger,1687,-1.167835227473448,0.1814467157223568,0.764048205829885,0.7981629016466386,-0.026272217123050834,0.44373619891859495,-0.9810611983200812,-0.25,0.2772511627786814,0.13694612775833617,2.3316199673911266,17.362866778996132,0.8417245741883326,0.5944461886821482,4.974094387408426,4.144801857454709,0.10007711241135815,0.36476843067829734,0.8010309936876566,0.5092228619462171,0.06325663798857038,43470,1,0.5513071895424837,mlsnp_team_04
demo_072,Riley Berg,mlsnp,FW,19.6,1,2025,riley berg,pressing_striker,1182,-1.1522876249820169,1.5965742091863149,0.5627539434551312,2.298355707984255,1.863828557896062,2.6811121295787173,-0.5900927854118814,-0.25,0.5987730035381399,0.26144213819182716,3.7427502756262836,15.05731832547013,0.9847108117627058,0.8384820589472418,5.88640374550898,4.515419315497994,0.10951255424112255,0.5332539447308383,0.8617826107896408,1.9612108356645122,0.11206457866523724,49225,1,0.3862745098039216,mlsnp_team_06
demo_073,Taylor Okoye,mls,CB,30.3,0,2025,taylor okoye,progressive_center_back,2345,-0.9144554693456494,-0.4513317398934574,-0.4659174132295475,0.34660561330396994,-0.627041813200033,0.9900780774085365,1.0138376220092578,0.15,0.41833980122767433,0.056993136604484726,2.5641019752416074,9.59154262760784,2.3441331442182194,1.832279151835021,4.011741051514596,3.0076569498784487,0.07847050230030851,0.5906968541362383,0.8104952794698802,1.1609903579716838,0.09516399114664481,196514,2,0.7663398692810458,mls_team_03
demo_074,Quinn Johansson,mlsnp,CM,29.9,1,2025,quinn johansson,ball_winning_midfielder,1610,0.5287280325336297,-0.7948802248008187,-0.7811339635145711,0.07034487181461568,-1.5402976674321043,0.3293124245981689,0.7846770203332423,-0.25,0.2786659651943035,0.01,2.1613943075422872,9.408131925200708,1.5950943391325034,1.5792503034192176,3.4502640453393285,3.402952871020131,0.07382029717728303,0.5086241792980971,0.8057114696575809,1.4511731522156415,-0.004424967156632424,65049,1,0.5261437908496732,mlsnp_team_08
demo_075,Quinn Andersen,mls,W,18.9,0,2025,quinn andersen,transition_winger,1907,0.835078927048582,0.7922843496522928,-0.17118606495146438,0.9990654067521652,0.6944921750150318,-0.20834908565624077,-1.4056566498183733,0.15,0.22058992202882383,0.23629673576278212,1.7469433301750037,12.08911129550326,0.25935652365859324,0.2,5.252780597567399,4.47668792765566,0.10706448989467925,0.4425943351264252,0.7472331666225055,1.1563934355226153,-0.068086588590029265,250200,2,0.623202614379085,mls_team_02
demo_076,Casey Nakamura,mlsnp,CB,31.6,1,2025,casey nakamura,progressive_center_back,2009,1.2091369740915312,0.380472299761027,0.8896735618363063,0.5007050162848479,1.4512950385304364,1.9797593833392302,1.597851220014038,-0.25,0.4882487403082485,0.28218305524484283,2.9980962331504633,10.494286391826433,1.5682407800122329,2.076070242533447,4.257472317845911,3.6462072516216915,0.1223954416137785,0.6093997035086595,0.8381616746178502,0.8545233070525968,-0.13220218106072287,28288,1,0.6565359477124183,mlsnp_team_02
demo_077,Casey Patel,uslc,W,28.8,0,2025,casey patel,transition_winger,1167,1.2994725453608154,0.23578798299245296,1.099679529858419,-0.4329845148943541,-0.8428769690430391,0.34721077306617076,1.0911412666568523,-0.1,0.20707603406467992,0.030735089958574473,1.7658990980496465,18.13983271496146,1.4869693068518988,1.6538215323750132,3.7072422453207654,3.409277477396535,0.09625630041014098,0.5303218890572643,0.8164505343127504,1.9632114645543832,-0.08533669411966795,102113,1,0.3813725490196078,uslc_team_08
demo_078,Avery Garcia,uslc,FB,31.5,0,2025,avery garcia,overlapping_fullback,1737,1.0757323042098934,0.5909882635204099,0.20373117940618307,-0.25629812121930406,1.7228568431283953,0.2816529807686309,1.8830716025205239,-0.1,0.25998660424988895,0.3420383297338871,2.6372814854295537,10.473234843580135,2.497346709783744,2.3317396153923324,4.6667351622610775,1.5366194477412263,0.11648425416569967,0.5291738021775088,0.7395692665407616,3.357033341133048,0.07655930083463669,37648,1,0.5676470588235294,uslc_team_05
demo_079,Reese Nguyen,mlsnp,FW,26,1,2025,reese nguyen,pressing_striker,1663,0.9398010235142973,-1.411930202078889,-1.2723633266290033,-1.8328983005644963,-0.6806910456671438,0.47257835027589146,-1.4235952358115924,-0.25,0.38483575952862575,0.125031077816553,1.8457897715514986,7.264206226108707,0.6832360970598934,0.2,1.2147459021155473,1.2820505162457743,0.017098577559595367,0.3603748715046738,0.6312079784959215,0.6651229432106236,0.05234882165702875,20452,1,0.5434640522875817,mlsnp_team_01
demo_080,Hayden Okafor,mls,CM,23.2,1,2025,hayden okafor,ball_winning_midfielder,2205,0.16337469340676594,1.0632957922911148,2.5613191845367047,0.9682244966851951,0.07394545749646397,1.4063800998721387,-0.013174634371029725,0.15,0.3393606278537621,0.13936111247695918,3.1530122196288595,22.34728977270848,1.387096049573611,0.71627349980854,4.556844697374815,3.9342022071178993,0.15133574491865137,0.4851570240826083,0.7531625800229419,1.192048067494881,0.13922526897552487,229597,2,0.7205882352941176,mls_team_03
demo_081,Jamie Brooks,uslc,FB,30.5,1,2025,jamie brooks,overlapping_fullback,1060,-0.8881385586403917,0.4539178788975913,-0.7009476534103194,-0.23717307054676606,-0.7466904048421124,1.8385499905694076,-0.009580866212294259,-0.1,0.5470815564055942,0.07359123384582954,3.1848074365287866,10.71670959516453,0.9232016895163672,1.0707722203876353,3.5615526079214215,2.2619594024670446,0.09923139757996588,0.40443486699192643,0.6940002814420343,2.9694653586991513,-0.07945722288584292,62940,1,0.3464052287581699,uslc_team_06
demo_082,Finley Costa,mlsnp,W,29.9,0,2025,finley costa,transition_winger,1080,-0.7261609827563505,0.9513129770197867,1.4722675268262595,1.5336604872525739,0.9789439241370128,0.9164940377083308,-0.6511647182622056,-0.25,0.3738845565994251,0.2166513408304262,2.9604849101114112,17.36147558892081,0.7630878664531735,0.7151565132113105,6.370082628650305,4.2536527557068915,0.11265824781921252,0.32803256277062903,0.8536952619603955,0.3076416868161478,-0.02318243040557488,74829,1,0.35294117647058826,mlsnp_team_08
demo_083,Skyler Mensah,mls,CM,26,0,2025,skyler mensah,ball_winning_midfielder,2260,0.4075970056137385,-0.5985177134015162,-0.5183326401881572,-1.1550593748923532,-0.3694779970793626,-1.1833863599115242,-0.16469895172814286,0.15,0.09747142748073939,0.11581624891698572,1.3094561000115763,8.945604820781545,1.1644255866508333,1.2867085071435507,2.839545024231385,1.965224638699449,0.0653944168394899,0.3437719603765387,0.7591639286861473,0.9749473260910637,0.07094589062657067,686731,3,0.738562091503268,mls_team_01
demo_084,Emerson Ivanov,uslc,FW,29.7,0,2025,emerson ivanov,pressing_striker,1447,1.683536339251793,-1.841940050346137,-1.6226576393292544,-1.6036148219350583,-0.8929735752696492,-3,-0.760010334496702,-0.1,0.01,0.06313286593989031,0.2,3.92864395396359,1.3138144827601603,0.35264207518714963,2.1383327467501116,2.0033559353243753,0.004108170543564131,0.3280484126926164,0.7748141160326482,1.439248237153084,0.011550660689642403,151874,2,0.47287581699346404,uslc_team_07
demo_085,Drew Andersen,mls,FW,18.9,0,2025,drew andersen,pressing_striker,1404,1.7059798235646129,-0.4845895331479338,-0.6122715730884316,0.12471134109490639,-0.5146290306219722,0.8169027190028835,-1.1705580669922044,0.15,0.35351834540659793,0.1004514743512574,2.1972185793464005,8.5802906295741,0.892477159527681,0.34758284493993374,5.092703265963628,3.2508905836769197,0.05549511024950105,0.43132863587024345,0.7979313374661039,1.026785713626176,-0.07404928403069423,966189,4,0.4588235294117647,mls_team_06
demo_086,Parker Ali,mls,FB,24.9,1,2025,parker ali,overlapping_fullback,1868,-1.926166700826081,-0.9068468150233969,-0.13916004971006657,-1.7343595186958625,-0.5705495398445495,-1.6173143257706888,-0.16282354617343042,0.15,0.15812854748571728,0.08475504722410221,0.4214084621976924,12.586540946150427,1.1542096897470484,1.0870868729296956,1.7575839786520782,1.5918475336503302,0.058247971213875295,0.46974318005819826,0.7475660242557808,1.6778567108595717,-0.09888422588846534,1021058,4,0.6104575163398693,mls_team_02
demo_087,Cameron Johansson,mls,W,18.3,1,2025,cameron johansson,transition_winger,1608,-0.8339980152284646,2.222762447404377,1.4337451196457462,2.9387882304188486,3,2.9198498557179713,-0.5320364432982188,0.15,0.6091222151830397,0.43715090611626534,3.863224206546156,17.735625899979116,0.696406970968934,0.7499106737437242,8.635659008152288,5.474341907938836,0.16489085745081633,0.3425245590198549,0.8752762316437095,0.45818700305635507,-0.17562979065379763,180372,2,0.5254901960784314,mls_team_04
demo_088,Skyler Berg,mls,CB,29.1,0,2025,skyler berg,progressive_center_back,2920,1.4191325163331896,-0.41346657637617984,0.2603600683306278,-1.8893707797465134,0.5230847717035143,-0.3175517230831072,0.5936501097492961,0.15,0.24706506338504938,0.20967024426481592,1.6233343143352568,12.867790586225704,1.8062604298231908,1.449014602578526,0.8263971821468435,0.8882822448001744,0.05500789772072287,0.38676491176308575,0.6647079346649939,0.7385217638791084,0.04101594534705355,1744449,5,0.954248366013072,mls_team_06
demo_089,Quinn Ivanov,mls,FB,28.6,1,2025,quinn ivanov,overlapping_fullback,1956,-1.064109715019239,-0.21567384670464435,0.7688509646576775,-0.05484000031511668,0.44520107656312563,0.16227410913807888,1.0056428562722208,0.15,0.24825534582445857,0.19249125936204192,1.8800324588998205,13.518264201084685,1.5704681371954385,1.4032463622899347,4.102828736838285,2.9254889069729995,0.06052965101824343,0.3355719808395957,0.7885009072385646,2.7871222653336294,0.04179670764766814,162121,2,0.6392156862745098,mls_team_02
demo_090,Morgan Mensah,uslc,CM,18.1,1,2025,morgan mensah,ball_winning_midfielder,1897,-1.6135774724804477,1.0629785200711508,0.2138238638413607,2.1211760741587833,1.3221121721435383,2.0762904479271977,1.357873599425007,-0.1,0.44773800342928854,0.25643327206358285,3.068795989966229,13.401481242340013,2.114658955089166,1.6728731450859842,7.087987368182564,5.1927161027388875,0.09471558269402361,0.49306822246468696,0.878335160588154,0.29133840751790674,0.019526757226769848,50013,1,0.6199346405228758,uslc_team_04
demo_091,Alex Ali,uslc,FW,25.1,1,2025,alex ali,pressing_striker,2359,0.599811088697427,0.6203465265802434,0.13151359179578165,1.0091531189857172,0.9251068557438825,0.6320934234227218,-1.000818438984397,-0.1,0.22082993874598572,0.25360517636020974,1.9891637048217559,11.149684870244293,0.8071194157335594,0.4697076127141594,5.894178199359653,4.273753108424132,0.1369565692745211,0.4033857771096106,0.7374338208812022,1.4500203395614635,0.18279043660401345,40738,1,0.7709150326797386,uslc_team_07
demo_092,Jamie Okafor,mlsnp,CM,26.9,1,2025,jamie okafor,ball_winning_midfielder,1764,1.7329647053870507,0.6730666518789995,1.3871484882306957,1.31348181275356,1.6351623181136326,0.303839782931525,0.44254865560524215,-0.25,0.24285733913682472,0.3196653582345811,1.85527983112022,17.18421987670687,2.132286817948547,0.9853072418721454,4.704775289088875,4.220702568594559,0.09386590225671101,0.40173349140181563,0.8700567498034641,1.7317731767894937,0.03310311839044442,64116,1,0.5764705882352941,mlsnp_team_02
demo_093,Taylor Hassan,mlsnp,CB,22.3,1,2025,taylor hassan,progressive_center_back,1829,1.9345045624577326,2.6337095629483303,1.9642931792941751,2.246331925952669,3,2.448302893125318,2.7357008620134073,-0.25,0.5676536254993003,0.44680947750172134,3.5019890379882463,15.690133424618642,3.410179195999891,2.6636097870721454,6.3197863182179335,5.629669455263291,0.17774101233204653,0.6902271852275106,0.8453306930519917,0.9173986697145484,-0.019717296748506027,21366,1,0.5977124183006536,mlsnp_team_07
demo_094,Riley Garcia,mlsnp,CB,18.8,0,2025,riley garcia,progressive_center_back,1156,0.5328205756707936,0.16611439867297034,-0.31795652176950495,0.37497766132998245,0.11690244668965317,1.0143974166235201,-0.06186745582198483,-0.25,0.30411852483255475,0.10764704782013634,2.8019106209137936,14.768961633826436,1.5240510454181797,1.0337989162734211,3.290727848009835,3.507139169321032,0.08837943667791145,0.5663369177236868,0.7905153902860397,1.6720464994694426,0.11361729763355838,33327,1,0.37777777777777777,mlsnp_team_04
demo_095,Parker Brooks,mls,W,23.7,0,2025,parker brooks,transition_winger,424,0.7196657560197844,1.9051755375342603,1.5934286003883078,2.679641215290758,2.196847468730883,1.5253469739332428,0.5404299060406568,0.15,0.3825684983293214,0.3917835348447321,2.7326985762402356,11.370307556396238,1.7594584199555137,1.331229678561617,7.072132504161947,5.001730077126357,0.14322586221511915,0.34181297768853464,0.8466286316666815,1.6865494681754991,0.10033203997224893,123473,2,0.13856209150326798,mls_team_04
demo_096,Skyler Ivanov,mlsnp,FW,26,1,2025,skyler ivanov,pressing_striker,1076,0.5600933857551841,0.25371840131308326,0.3125794414844859,-0.676686308069609,1.6077602413016996,0.5133101765469117,-0.8983446606822678,-0.25,0.2771519391979934,0.3178086712186078,2.1816056131059796,15.773613957188493,0.8145913070100231,1.0280673024782447,2.8878135300563925,2.502849466091237,0.049818921895061985,0.36974506214612446,0.7783882575479795,1.191416964944671,-0.036531175577020916,29142,1,0.3516339869281046,mlsnp_team_06
demo_097,Cameron Patel,mls,CM,21.8,1,2025,cameron patel,ball_winning_midfielder,1868,-0.01808693165996704,-1.4590219672542974,-0.6664332375820121,-0.7578360770340827,-0.28192835727670995,-0.8219623679829811,1.4653689014556242,0.15,0.16682122618021994,0.11648201551783366,1.3765199947233457,8.690081291021952,2.559837034986435,2.0996203494370036,3.683079745780566,1.388037503242752,0.03061066908476096,0.49894259272919,0.7348576445820407,1.020036324565547,0.025485140074846303,522485,3,0.6104575163398693,mls_team_08
demo_098,Reese Dubois,mls,FB,32.2,1,2025,reese dubois,overlapping_fullback,1180,-3.3717390825505134,-2.2272482412803525,-2.649352276636334,-3,-3,-1.6042519885978965,0.9455168213387622,0.15,0.04025972709160145,0.01,0.8940815767589017,6.556509264935345,1.649080028746179,1.4993386515788854,0.6492527363454729,0.3,0.0013778335326291666,0.5926862581294038,0.6031466794779026,2.604907857236239,0.02899410000423576,319756,3,0.38562091503267976,mls_team_07
demo_099,Reese Johansson,mlsnp,W,24.6,0,2025,reese johansson,transition_winger,2213,0.7607032447597551,0.6496835511677252,0.7122288398580022,0.3005368338908377,1.8082448908332742,1.2871256041646006,-1.1182093202432053,-0.25,0.4525734647788036,0.37139873838241083,2.4997305961031047,11.216111655227346,0.7228253065206427,0.8608935410563927,4.182974409177638,3.4457535079703714,0.10106489725339542,0.36088958179561237,0.8035850825714441,0.2612234528653149,0.09608643588091226,26306,1,0.723202614379085,mlsnp_team_02
demo_100,Alex Ali,uslc,CM,28.5,0,2025,alex ali,ball_winning_midfielder,2235,-0.39122685224321035,-0.9992498647685573,-0.18300361871462428,0.8366799319733591,-1.0679343932420493,-0.9600086064994873,1.425191343676068,-0.1,0.1444305885156529,0.05231865920358023,1.3956357312376362,10.789519390269449,2.7244296795883822,1.817852332540904,5.82134896191536,3.1847828156184654,0.029139091265587384,0.5888096292173345,0.7475523702506932,1.480174766293793,-0.015638081227854775,41010,1,0.7303921568627451,uslc_team_05
demo_101,Finley Hassan,uslc,CB,20.6,1,2025,finley hassan,progressive_center_back,1930,1.0099012238118499,0.04197238367631394,-1.0362932275239258,0.39943827989628367,-1.2170434576464506,0.652062731544172,1.5257384029061312,-0.1,0.3214454047336825,0.05489990916773076,2.402975178232709,9.3127558984822,2.171421293339173,1.8550570433021378,4.392748058844301,3.3423879802324468,0.06560523505219709,0.5843934925155088,0.7883677222849411,1.3676923737162698,-0.08284674072530061,67254,1,0.630718954248366,uslc_team_02
demo_102,Emerson Dubois,mls,FB,21.6,0,2025,emerson dubois,overlapping_fullback,1679,-0.6269731470737493,1.77704370004004,1.2943010951858738,1.713453464086601,2.8110246276133957,2.0058381557491574,1.2828003849984058,0.15,0.4430697735615897,0.48840540111374936,3.0649727746477042,13.863904757113136,1.8116785765025438,1.883011367419707,6.845580882230607,4.6669724215747275,0.19017116901107792,0.5687717743373476,0.8493142998016352,2.623488611217677,0.15289318849720604,131492,2,0.5486928104575164,mls_team_02
demo_103,Taylor Ivanov,mlsnp,W,18.4,0,2025,taylor ivanov,transition_winger,981,-1.6345773695018644,0.3471826773372068,0.9490380994838084,1.0323186527848218,0.41475688179137965,-0.1590693531850546,-2.9680786108506902,-0.25,0.17162966327033996,0.2478311655323117,1.8701894021224628,13.777561006109302,0.2,0.2,5.638748843208857,3.9710383395611344,0.08794955823558136,0.23561152254988862,0.9293659885273731,0,0.030926124477696982,41172,1,0.3205882352941177,mlsnp_team_04
demo_104,Taylor Okoye,mlsnp,W,22.9,0,2025,taylor okoye,transition_winger,1615,1.2452426520304833,-0.287097446149789,-0.5506612646228297,-0.4577635059716093,0.4865393510342824,1.1564101384910883,-0.05617342114373611,-0.25,0.3993110829599458,0.1694247425780318,2.3231846899873196,11.338132755903393,1.5548433186651172,1.1450267212643688,3.8475020584297415,2.1005811083691595,0.06780800840980802,0.377438610303507,0.7821283219892525,1.3461088932953809,-0.01714910624205115,62793,1,0.5277777777777778,mlsnp_team_08
demo_105,Rowan Nakamura,mls,FW,24.2,0,2025,rowan nakamura,pressing_striker,1528,0.18137744655540353,-1.9245766521091114,-3,-1.4893103806595684,-0.37328625673549665,-3,1.3198831251518033,0.15,0.01,0.10235799374296686,0.2,4.0969880995642844,2.8038911448524626,1.7969446602480217,2.756859766757086,1.8107743540410841,0.005160728205006624,0.6453092042559309,0.6694938270518811,1.4826611039442577,-0.004513904457480162,332303,3,0.49934640522875817,mls_team_03
demo_106,Morgan Johansson,mlsnp,FB,19.6,1,2025,morgan johansson,overlapping_fullback,2198,3.495304263985599,-0.8006491093399128,-1.4011155693719588,-1.0418657632323387,0.06324900119259624,-0.12422640436946797,0.22868392197893336,-0.25,0.277900994916786,0.13316814845009634,1.9118683238616119,5.341168063446226,1.3649615411319522,1.4143470571013066,2.377401408544561,2.316701419584139,0.043361624995502814,0.5753347297734327,0.7533828860032052,2.2628905179158387,-0.014864984042418233,99135,1,0.7183006535947712,mlsnp_team_08
demo_107,Rowan Ali,uslc,CM,30.8,0,2025,rowan ali,ball_winning_midfielder,2585,0.9155919133269127,-0.5756179707266231,0.2956005141216906,-2.2242751528156663,-0.8584927921931458,-0.30228382441093843,-0.2581449993179503,-0.1,0.12704126082813083,0.10419378429471007,1.586465021863675,10.873576253644137,1.1871288573197976,1.3194700579140584,0.5,0.5802874559471684,0.10477668198284822,0.4187868329303854,0.6870783542854412,1.7045169340036006,-0.16462582393815287,40799,1,0.8447712418300654,uslc_team_01
demo_108,Cameron Ali,mlsnp,FW,18.1,1,2025,cameron ali,pressing_striker,2101,1.0485065174262438,0.6842057326703561,0.6855934962123134,1.0148770760179062,0.5762672328955043,1.1024278175851312,-0.3542946020863876,-0.25,0.38655097813998435,0.22089544172085912,2.4242339146836556,14.471114891856617,1.6594258053988602,0.9243843014680322,5.703999063356681,4.228823334561002,0.10713558243216026,0.4089466249581009,0.8294168628642437,1.4885275546625705,0.006296862338060982,25169,1,0.6866013071895425,mlsnp_team_06
demo_109,Riley Ivanov,mlsnp,W,32.5,0,2025,riley ivanov,transition_winger,1123,0.7638249369348555,0.48345734761713793,0.20021155958796222,0.12542121126629835,-0.3062485990288631,-0.005662643140177115,-2.583039316336704,-0.25,0.21058761057367162,0.14768630820740822,1.6570958600595067,15.435437039442176,0.2,0.27142091067671337,3.3699066515735394,2.7068685941181476,0.07755710577151384,0.15,0.7203797736518656,0.6060012939828353,0.034105260142781604,20000,1,0.36699346405228755,mlsnp_team_08
demo_110,Skyler Petrov,uslc,CM,30.1,0,2025,skyler petrov,ball_winning_midfielder,2803,-0.6033873768593995,0.013963408707379794,0.2119249517236494,-0.3875581311219013,-0.6434031081409345,-0.1944580092724226,-0.7382970912816039,-0.1,0.29483359265241954,0.09371656135940089,1.8553475231826275,14.12995364828146,1.1482926500471289,0.6221021719657867,2.9927631615805637,2.6237218026448454,0.08683392001171673,0.40249971574013704,0.8317337954547779,0.7207029314583082,0.16185136425883664,57126,1,0.9160130718954248,uslc_team_02
demo_111,Emerson Patel,mlsnp,FW,25.5,0,2025,emerson patel,pressing_striker,2406,-0.37042966270277583,0.18024373462512064,0.9838701922722797,0.18290177723514284,0.5718684726369052,2.0247799863395515,-0.2872555328125386,-0.25,0.5018325004600752,0.1856484047207671,3.0913488163191096,11.91274443211979,1.4687377170167744,1.5567365219311315,4.088236053892869,3.5629322009779956,0.10912417745224506,0.2692800402942016,0.8096455018336882,1.0896272285622615,-0.022875761495297527,27151,1,0.7862745098039216,mlsnp_team_08
demo_112,Emerson Schmidt,uslc,FB,32,0,2025,emerson schmidt,overlapping_fullback,1934,1.0598259383336466,-0.2881232483085002,-0.6318867748620289,0.6516624023609693,-0.5275452154360828,-0.3657226619114207,1.2353267206442027,-0.1,0.1498567895618121,0.03499941494064827,2.382209663214325,8.66419819676528,2.62705368469107,2.0227366163268448,5.120747681141718,3.7745190684050236,0.04809717803462153,0.5345897100056374,0.7910108625450488,2.2047478380459533,-0.0551271000616425,83593,1,0.6320261437908496,uslc_team_07
demo_113,Hayden Andersen,mls,FB,25,1,2025,hayden andersen,overlapping_fullback,476,1.0551105298393884,0.030227222890228538,0.3633981297831779,0.23705028098181744,0.5568311417497126,-0.2773621369378173,0.6121108681915056,0.15,0.15881362750132166,0.14349705254848377,1.5932342125386725,9.413770320557266,2.1423596989238844,1.4156740945510664,4.65001417224113,3.307745954407657,0.11462659173637033,0.39473798186742826,0.7083793678434714,2.176972389172135,0.07258006727828986,1430878,4,0.15555555555555556,mls_team_08
demo_114,Jordan Nguyen,mlsnp,FW,25.7,1,2025,jordan nguyen,pressing_striker,1227,0.5829721611203192,0.27167410852948554,0.9728816761663579,0.8609249690532903,0.9376017482661181,-0.031015605474525365,0.4413463014045547,-0.25,0.24525822167448863,0.3142090224784332,1.8148628552630566,16.48743675720506,1.7525159814537596,0.8892601957272699,3.9314974415913513,4.531213631890689,0.09637063375554768,0.42889308490084815,0.8303532111584048,1.879823957327591,0.006629790554648114,73151,1,0.40098039215686276,mlsnp_team_05
demo_115,Morgan Hassan,mlsnp,FW,30.5,1,2025,morgan hassan,pressing_striker,1759,-0.986567435539539,0.44915842741342565,0.035956723012472325,0.889503436167755,0.7399290363915805,0.4526956098638908,-1.2321009677858974,-0.25,0.2764724092930712,0.21415135693726875,1.768616559732854,10.365765869983234,0.3739905773138964,0.4844371543867361,5.213892089202146,3.514950617459735,0.09432900910198892,0.3400051182427746,0.7597042468367605,0.6220380018589713,-0.067941360006048307,40186,1,0.5748366013071895,mlsnp_team_06
demo_116,Morgan Brooks,mlsnp,CM,20.4,1,2025,morgan brooks,ball_winning_midfielder,2257,1.6846218117439806,1.8276276584303892,2.0843170943249327,1.8987465380545359,1.5087111315368273,1.7601936955708277,1.885770653753104,-0.25,0.4445315884913901,0.3131999894164356,3.122480157737311,18.231218656941735,2.6076731812680265,2.055985846078885,5.215678745370501,5.287038806839277,0.17045221495165697,0.6376701572216337,0.8086590406435007,1.3304215788981852,-0.006675123133554544,78522,1,0.7375816993464053,mlsnp_team_03
demo_117,Morgan Ali,mls,FB,25.8,0,2025,morgan ali,overlapping_fullback,1092,-1.3668410456826299,-1.112023710883813,-1.4888372820069289,-0.6422390986211043,-2.310367702488371,-2.198201364527809,1.5904762472779086,0.15,0.01,0.01,0.38891391354162025,8.751771270410732,2.676254189062489,2.3564762008472875,4.579679243325746,2.471851704793751,0.007463113439928663,0.6754065921208124,0.776003433404783,1.9208817624721677,0.037832331861028794,369432,3,0.3568627450980392,mls_team_03
demo_118,Blake Berg,mls,FW,24.5,1,2025,blake berg,pressing_striker,3727,-0.43321434861111385,1.4748074315837107,2.0666757398612456,1.3779859693905072,1.5665099718016837,2.78896568499737,0.41722673147643546,0.15,0.6249265101328595,0.370503846651701,3.513328908789335,17.933923923466192,2.1333641079709653,1.502672384212917,5.08777785099296,4.009785724700734,0.1686383255094618,0.45354096730720084,0.8645082847878492,1.1964297728434954,-0.1593361734105117,90720,2,1,mls_team_07
demo_119,Rowan Ali,mls,FB,23,0,2025,rowan ali,overlapping_fullback,268,2.3250584937151295,0.6715124601443915,-0.3842811991467786,-0.20300611706229343,-0.1587408337249121,0.7497740901021422,0.22706167553412862,0.15,0.29373115440338055,0.16546466636188975,2.5334623649654064,9.148094276799537,1.8357768504522625,0.8582519547484453,4.768526333242965,2.7617801423697133,0.09502457703252842,0.4532831583878347,0.7567395874610494,2.9838611137683237,-0.03142344696542687,522493,3,0.08758169934640522,mls_team_02
demo_120,Jordan Silva,uslc,FB,24.7,0,2025,jordan silva,overlapping_fullback,1658,0.5241221811510917,-1.545328543714433,-0.4679095942772027,-1.301983872763683,-1.0285454467051793,-0.37331172083702335,1.261580440756975,-0.1,0.37374807367285207,0.04420026880790202,2.033718986452498,10.826548667516843,1.8001411580757043,1.8989620381573569,2.234332196823567,1.5099528323627536,4.8682318193496096e-4,0.5347692439236272,0.6622084222192103,3.2555220934629703,0.030360542344770536,36504,1,0.5418300653594771,uslc_team_07
demo_121,Reese Berg,mlsnp,FW,18.6,1,2025,reese berg,pressing_striker,1644,0.9707334164085906,-0.2770472279911051,0.965165434026092,-1.8715167894112297,0.34122909205575674,0.9153014541883256,-0.8200859245444407,-0.25,0.36204021912179996,0.20383792985175755,2.2749457020547528,12.23282199405427,1.0458153787789453,0.5542551041032159,2.126608007619823,1.4600947448797559,0.05836937970716591,0.3499423314652814,0.6109939563421078,0.6403276349083455,0.060054714599135806,96058,1,0.5372549019607843,mlsnp_team_05
demo_122,Drew Ivanov,mlsnp,CM,21.7,0,2025,drew ivanov,ball_winning_midfielder,1402,0.37697339715261413,-0.6293429919719801,-0.9193420362230473,-1.3196894188075228,-0.3765316654756469,0.5021664086058389,-0.47821304726840486,-0.25,0.27094127671538115,0.11623896913752832,1.9943187348322102,13.990890434794242,0.8736575362386987,0.5356702008079501,1.9347400453165338,1.8856585231625067,0.05544702842672432,0.3902249968118011,0.671205042854914,0.8273321553388356,-0.058455029423832426,36236,1,0.45816993464052286,mlsnp_team_02
demo_123,Parker Andersen,uslc,CM,19.5,1,2025,parker andersen,ball_winning_midfielder,1609,-0.9959333965421564,-0.9330004516197521,-1.1019124110851128,-0.974679392106297,-1.763490711458339,-2.0017186670704255,-1.8285951468762054,-0.1,0.01,0.01,0.6613593220287307,3.702589932121322,0.259615341249397,0.5154616173692222,2.900341059385756,1.1093961011348479,0.023749672268338427,0.35365017862162884,0.7131410973319439,1.647842634512505,-0.027873663727905482,153720,2,0.5258169934640523,uslc_team_07
demo_124,Alex Ali,mlsnp,FW,23.4,1,2025,alex ali,pressing_striker,2245,-0.597482913048045,-1.5378864842282585,-1.8738276979305442,-1.6504181275601448,-2.141996316299341,-0.6742195735136495,-0.006736774732498008,-0.25,0.18370017757038967,0.01,1.758244260125445,10.785869214332134,1.166416096819566,1.347058041571336,2.3843386821816948,2.1737937831212077,-0.03149486527406705,0.5724227656767622,0.6750363358325787,1.4951222136722737,-0.11495877774688501,123708,1,0.7336601307189542,mlsnp_team_03
demo_125,Jordan Patel,mlsnp,W,27.9,0,2025,jordan patel,transition_winger,1275,0.1652514230801522,-0.49410204959994547,-0.5896804988583314,-0.7883551138381498,-0.8873054973540111,-0.783559021038864,-2.512656716940307,-0.25,0.17518167713495672,0.05784710427034923,1.3648322534989437,11.373752357563351,0.504638679762305,0.2,3.9707389646674525,1.1451859189387024,0.06315014863608225,0.3587990032241995,0.761320852394388,1.0557688602465138,0.03803884022817941,39106,1,0.4166666666666667,mlsnp_team_05
demo_126,Jordan Silva,mlsnp,CM,24.4,1,2025,jordan silva,ball_winning_midfielder,550,-2.928477178577567,-0.4353600152701964,-0.48608658957407186,0.2566536961598339,-0.31757941918392046,-0.4728419749916252,0.37566620786426896,-0.25,0.09201615955575815,0.10685382204308667,1.5739146730373037,9.374249756839914,1.6701688368385903,1.7472010240643194,3.9317388390410666,3.600156779564016,0.07975966725794041,0.4720469723678697,0.7575057329029732,1.2240817332034355,0.07063876602440834,72478,1,0.17973856209150327,mlsnp_team_03
demo_127,Cameron Mensah,uslc,CM,19.1,1,2025,cameron mensah,ball_winning_midfielder,1856,-0.8479142265785492,-0.32354467628022643,0.05530223649125332,-1.072274330056266,1.561657758348038,-0.8031266534096434,0.8413405892390523,-0.1,0.04531800735651467,0.26533602321982624,1.554108840801947,12.715627424718594,2.5632322197534902,1.5426189520536608,1.7747107563450917,1.5533448466111377,0.06285944729113228,0.5583001043741137,0.7560172103889556,0.9555369721045481,0.014070399122393266,131511,1,0.6065359477124183,uslc_team_03
demo_128,Taylor Costa,mls,FW,28.3,0,2025,taylor costa,pressing_striker,1799,0.7985845122234458,-2.061113618916185,-3,-3,-2.7976486326009087,-1.4890300243379189,0.5895767537695678,0.15,0.07432105160628917,0.01,1.1285341923105143,2.9034216080779682,1.33113193238241,1.0734422782059292,0.5,0.5345563796626696,0.005531935661865547,0.45629518854431617,0.707816684940576,1.556493292468529,-7.630746985541441e-4,601029,3,0.5879084967320262,mls_team_05
demo_129,Jordan Silva,mls,CM,30.8,1,2025,jordan silva,ball_winning_midfielder,1792,-0.2984559879652191,0.44150255509554487,0.8524852552163653,0.9878188834590516,-1.2839756714715331,0.5164077434787776,1.4218196266827237,0.15,0.3613090381203877,0.012007228451661254,2.4358522555217683,19.06239304920358,2.118054549621116,2.138647836109485,5.26096295921933,4.186233548401414,0.1128826569277735,0.4582007677380291,0.8016864215289428,1.3742955772373189,-0.22896795914272983,611760,3,0.5856209150326798,mls_team_07
demo_130,Jordan Okoye,uslc,FW,31,1,2025,jordan okoye,pressing_striker,2201,-0.28361137694537114,0.7463512465663669,1.0572451164511698,0.777924798054216,0.6500312069173247,-0.5495162855387111,0.41526115953709636,-0.1,0.18737008739003128,0.20703259016063694,0.8844480387683147,19.587699793721622,1.987737858415508,1.238880372624412,5.089108250303822,4.470601427660701,0.09054591722622099,0.5195251132484091,0.7569917924504214,1.1532192733827016,0.08307872166406523,61075,1,0.719281045751634,uslc_team_01
demo_131,Reese Hassan,mls,FW,19.3,0,2025,reese hassan,pressing_striker,1792,0.8695193066487642,0.7896428738246852,-0.030779549057407707,0.7137004625963888,0.11824741017371798,1.8715973448844485,-1.0595778561685913,0.15,0.53336796005844,0.1667060985226832,2.5682303589733073,13.44135138211972,0.7045722833015405,0.7045389635776945,4.691268649816149,3.624660403377942,0.14567078534726088,0.3909688563167816,0.761146791522944,0.7773075103515712,-0.004257562965857744,455793,3,0.5856209150326798,mls_team_04
demo_132,Riley Ivanov,uslc,CM,18.2,1,2025,riley ivanov,ball_winning_midfielder,2266,-0.5443552846989769,0.7707405070395442,1.263921669458514,0.4968834899898682,-0.9672114199322824,0.8942401648901521,1.2907489763689766,-0.1,0.37246824269346507,0.046999302611946944,1.982340555558383,15.223381520789784,2.8701906886430555,1.6145640388129363,4.626120517293623,2.281943153734294,0.09451338344848617,0.6650807213244245,0.8302996181734716,1.338803116528078,-0.027944890708856144,111212,1,0.7405228758169935,uslc_team_07
demo_133,Reese Okafor,mls,W,24.3,1,2025,reese okafor,transition_winger,594,0.6288032353776032,0.20050631783036715,0.23897316574000255,-0.9803933351996494,-0.49894006309306255,-0.5769829943339653,-0.13672525251259668,0.15,0.2088416466730642,0.12833235436063142,1.5669045339624406,13.020210082302713,1.2224247238411223,0.805522436558782,2.6371093627899778,1.9036006862707968,0.08903031640778038,0.4269165752393348,0.678490342882336,1.0555493500615951,0.021572975316639077,310701,3,0.19411764705882353,mls_team_03
demo_134,Emerson Nguyen,uslc,FW,32.6,1,2025,emerson nguyen,pressing_striker,1123,-1.4223344579453912,1.4683500316777511,1.6069486833896707,0.8014569130715755,1.1694865525557532,0.9872077629392431,-2.064661055559972,-0.1,0.44747427295383146,0.29902560881531604,1.985287345558566,15.258633876882932,0.2,0.278027628538648,4.70888702695773,3.8544254940342126,0.1751006955016874,0.1648493580026048,0.8761465580844104,0.2743366261866008,0.0022105843772326356,45638,1,0.36699346405228755,uslc_team_03
demo_135,Emerson Mensah,mls,W,25.5,0,2025,emerson mensah,transition_winger,2009,-1.2275126333342834,-0.8764554839407526,-0.8857068873634766,-0.5212656054683757,-1.7582136536178916,-1.4286513945784307,-0.3131368509232004,0.15,0.032956453988834025,0.01,0.8742266817502466,7.428082611414922,1.2845096403686587,0.8187598168817706,4.722205950505671,3.0875192865235057,0.04961654277723558,0.4448890081491989,0.7703180167959748,0.7222657000034542,0.14589480133762467,282993,2,0.6565359477124183,mls_team_08
demo_136,Riley Ivanov,mlsnp,CB,32.9,1,2025,riley ivanov,progressive_center_back,1588,-1.6741055157444311,-1.2266046937211101,-0.9571402565054814,-1.2134334244164044,-0.6540768051903553,-2.493512631490108,-1.3833863758751597,-0.25,0.01,0.015744873950370906,0.4308693905773399,8.519896994581375,0.5507481393753066,0.37291378712467704,2.59587431449581,1.2006847758647416,0.03036001686767267,0.23324691366534464,0.7697889316037613,0.3564320753183411,-0.017915360186419753,39169,1,0.5189542483660131,mlsnp_team_01
demo_137,Sam Dubois,uslc,FW,25.4,1,2025,sam dubois,pressing_striker,2367,0.08439848224487863,0.3378379199745758,0.8805445218754477,-0.6553993415353608,1.063950164521916,0.8480507731856445,-1.253490440723662,-0.1,0.36619170649032656,0.15602064012144876,2.8911029418107725,17.703390872433534,0.7064075447945428,0.754275255403609,3.9476291154428913,2.2113627465171084,0.07080635691016925,0.27151477498877774,0.7242682277657834,1.6666263569240303,-0.06999170127703273,42345,1,0.7735294117647059,uslc_team_06
demo_138,Taylor Berg,uslc,FW,19.8,0,2025,taylor berg,pressing_striker,1197,-0.20612566397040044,0.44082408725414923,0.43869515484911054,0.8595444392007148,0.18097998022604261,2.042699251224411,-0.8193546773046638,-0.1,0.502823835119448,0.1494973029114227,2.953313746314445,12.359473591257949,0.760657693845846,0.2,6.602393018987881,3.6322016614120307,0.07448540727159947,0.35209508808750073,0.7887397017228313,1.9569754377539,0.013656970356474497,98452,1,0.3911764705882353,uslc_team_06
demo_139,Taylor Nguyen,uslc,W,26.4,1,2025,taylor nguyen,transition_winger,2234,1.4418716402820593,-0.7465164517367685,0.05860817579332378,-0.19605071651650896,-1.931785197562165,-0.5922111820181504,-0.7869385765191392,-0.1,0.06457624352852318,0.01,1.4383821192099622,12.727753104431805,0.8221383547394664,0.5722262931091354,2.9695105538278312,3.556415367557181,0.039192523807764765,0.3555170017727618,0.7900164452385896,2.3771426308228945,0.024603400454375913,132315,1,0.7300653594771241,uslc_team_06
demo_140,Alex Costa,uslc,FB,21.6,1,2025,alex costa,overlapping_fullback,1399,-0.041782103385364366,0.0366061204319243,0.011033585410408837,-0.05763701169964184,0.5119430315227578,0.4583299080509842,1.3269757319435893,-0.1,0.3268896106302917,0.19123178544584332,2.1456920617196857,14.61866046810154,2.0583710985912806,2.2458780280308925,3.8481802926556345,2.131093818236349,0.07279279049882155,0.4597521101261782,0.7701260294903518,3.7683084386898242,0.03313958300157241,111277,1,0.4571895424836601,uslc_team_07
demo_141,Riley Schmidt,uslc,FB,28.9,0,2025,riley schmidt,overlapping_fullback,1132,1.3537544777637789,0.3233096242030483,0.22824862898745335,0.31183906187232224,-0.3605901254925872,-0.8632554087588561,0.3345941546624991,-0.1,0.07691503036359569,0.054232399696365056,1.1034433100606285,13.53276730012391,1.5786552471189375,1.3659505428089251,4.372605483543554,3.8413665509103456,0.1261821036447983,0.5501689383244666,0.8159971927135619,2.3237131041621124,0.06975553163082561,120452,1,0.36993464052287583,uslc_team_03
demo_142,Sam Garcia,mlsnp,W,29.8,1,2025,sam garcia,transition_winger,1594,1.9452252759228341,0.37967603240159153,1.0409086643527572,1.366074318166155,-0.2842579969044461,-0.8516845462459337,-1.137111758775164,-0.25,0.07402065594254967,0.08439983053442432,0.3291217421257041,16.17825650059944,0.47313176129720763,0.21064819802237816,6.3628348519100175,4.9445643358807745,0.08392442426727391,0.38041999447161673,0.827121122367296,0.573532135375077,-0.024981177073859738,24390,1,0.5209150326797386,mlsnp_team_07
demo_143,Jamie Silva,mlsnp,CM,24.7,1,2025,jamie silva,ball_winning_midfielder,1830,-0.49093823370814144,0.8765564957953623,1.8709854489644069,1.1529435849569483,0.9958419477666872,0.15941018626390402,-0.23385943376141538,-0.25,0.3429848999904561,0.16681947603211006,2.3490296532464723,16.305296382606073,1.6944124794071669,1.0707155881130594,5.186462856529524,4.095964155457299,0.09215121493088724,0.36697884214749216,0.8187958456166611,0.8875859575910828,-0.04254279620834169,93761,1,0.5980392156862745,mlsnp_team_01
demo_144,Cameron Okoye,mlsnp,CB,25,1,2025,cameron okoye,progressive_center_back,1063,0.38843907494461183,0.9333879875696369,0.44291915909140656,1.7873005772203636,0.15247115446239912,1.5102439713682134,-0.17522428601506823,-0.25,0.4767471667287007,0.2608064041855257,2.6030702817760982,13.57210858262219,1.1310283949399578,1.123761134229409,6.333332033050179,5.214896062273821,0.13152134600057028,0.37681647602511575,0.9219068665342148,1.8360322345543092,0.1314089969884916,40181,1,0.34738562091503267,mlsnp_team_08
demo_145,Blake Ivanov,mls,CB,24,0,2025,blake ivanov,progressive_center_back,1342,-0.8448932591859803,-2.4288075226824177,-3,-2.4603615716935012,-2.664555048807528,-3,0.588221041759335,0.15,0.01,0.01,0.2,1.0262738905410924,2.2367295063150854,1.300142950179176,1.1564452661902198,0.7952079744013612,-0.013947607049614853,0.41114488607802346,0.7012582979029028,0.7030918117802285,0.23962180349954484,740766,4,0.43856209150326797,mls_team_08
demo_146,Emerson Brooks,uslc,CB,31.5,1,2025,emerson brooks,progressive_center_back,1052,0.7379903678710894,1.7279940234211653,1.2340613865599919,2.763635514808313,1.1112140907688874,2.174872843988007,0.9396559744629316,-0.1,0.5893183575250812,0.2568752515197124,3.1912964505820485,14.190995235182761,1.627510408223611,1.4984934606709897,7.54123307299205,5.406426022221899,0.15138681281307637,0.5497795295653608,0.7974693657515168,0.8457807557464403,-0.05902921203375201,204794,2,0.3437908496732026,uslc_team_07
demo_147,Blake Patel,mls,W,26.5,1,2025,blake patel,transition_winger,2410,-1.0797603312838622,0.45600264627721127,-0.3670404790525406,0.4030239955925368,0.7698296119402055,0.28101264240017976,-0.6208840696570115,0.15,0.2647366458594558,0.15737738247968874,1.7833657585668106,8.576898645962292,1.3801381889638493,0.8798017565829992,4.098113676101492,3.0555381981751806,0.12814437597275813,0.46198713518913387,0.8248103219588765,0.8266097835494401,0.09020565627512019,1965969,5,0.7875816993464052,mls_team_04
demo_148,Casey Schmidt,uslc,FW,28.4,0,2025,casey schmidt,pressing_striker,2234,-1.026473876243626,-0.570360345745652,-1.517198211963876,0.07206357429403654,-1.247405069653248,0.13653844016362604,-0.5394665599770854,-0.1,0.31281703035159836,0.010588158188068228,2.157973286171912,6.562802316869229,0.9953555616699292,1.1402024375970785,5.631748280339789,2.0608036881953034,0.07765031869139673,0.3750649936308078,0.7555889919685683,1.0613448949790405,0.08259302874095403,162316,2,0.7300653594771241,uslc_team_06
demo_149,Blake Brooks,uslc,CM,23,1,2025,blake brooks,ball_winning_midfielder,1180,0.2887933615788753,-1.114624402177969,-0.5971991368910952,-1.355969501797658,-1.7896323469223312,-1.9459204903754428,0.9180803883632551,-0.1,0.0803254407081921,0.01,0.4962175062040789,10.878298157405865,2.090314741220715,1.4486881899206892,1.688422290509465,2.434760659049324,0.05890425632328422,0.5947096656992323,0.7273057968531406,1.5299483504785962,0.09360768740485519,31140,1,0.38562091503267976,uslc_team_05
demo_150,Cameron Mensah,mlsnp,CM,19.4,1,2025,cameron mensah,ball_winning_midfielder,2134,0.09081131928717488,0.905064265563895,1.1034870128992933,0.15116240632615108,0.13555351013328054,0.14587046670723325,-0.4693876210132245,-0.25,0.32155460391800034,0.1846830926153122,2.1442506773757457,15.109143902407421,1.447700794395941,1.144363258533742,3.9955466137878917,3.7995790042186646,0.1113124954839401,0.3901041587275369,0.84018422714804,0.44393055981265017,-0.01249721750035859,70919,1,0.6973856209150326,mlsnp_team_07
demo_151,Emerson Hassan,mlsnp,FW,32.1,1,2025,emerson hassan,pressing_striker,1647,0.262623176711222,0.32809601548413353,1.0778808430688536,1.0292193246349337,0.3369357381693693,0.6447672522973718,-0.360670914154826,-0.25,0.37760486774747715,0.19185725475783943,2.1167975001017747,13.282568843285567,1.0084569015295273,0.5527981296831597,5.484809017877425,4.6643965933213565,0.08978519799924936,0.4392158126137049,0.8888243655198946,1.1891941552210503,0.012160186922177893,57344,1,0.538235294117647,mlsnp_team_07
demo_152,Parker Hassan,uslc,CB,28.1,1,2025,parker hassan,progressive_center_back,1132,0.06933491279125373,1.078089960047822,1.076928406436909,2.6852927885877587,2.050049132385297,0.9111210778686958,0.25738321339495907,-0.1,0.3399678016537801,0.40740700016059683,2.053161203051831,13.28435196806858,1.7256482825798665,1.8264057866244254,7.481269688725605,5.67725385466085,0.1214412883189891,0.5487361557168807,0.808321742595224,0.32271497799597126,0.09716408361247326,76132,1,0.36993464052287583,uslc_team_04
demo_153,Emerson Garcia,uslc,CM,18.2,1,2025,emerson garcia,ball_winning_midfielder,2053,-0.5286438188568247,-0.06031555370250097,0.526098519751645,-0.2884302345175109,-0.7714183662931285,-1.49129970990424,-0.36521096784420415,-0.1,0.038707258903536934,0.01,1.126384963117621,10.89672250632388,1.2674666993098596,1.2101661400429,2.9524015749585257,2.4206882887833885,0.06105741228548539,0.3667355416025903,0.707446890982433,1.7177331255312729,0.25911220293049314,43444,1,0.6709150326797385,uslc_team_05
demo_154,Jamie Johansson,mlsnp,CB,19.7,1,2025,jamie johansson,progressive_center_back,1606,-0.13020216451876626,-0.24351876196312486,-0.5907594650802281,0.7846805280073975,-0.06903775280584218,0.18614877490607892,-0.2598005713170145,-0.25,0.3225342265419797,0.08899815507593617,2.6441703523477864,11.055926408868132,1.0085545661410467,0.9144501873383846,4.8515131987851285,2.957892794934157,0.04646931262426135,0.4370975557324154,0.828897097155598,1.6311988043273773,0.05197352526128028,59592,1,0.5248366013071896,mlsnp_team_08
demo_155,Emerson Ivanov,mlsnp,CM,30.7,1,2025,emerson ivanov,ball_winning_midfielder,2328,1.6201587443558156,2.241422560688276,1.8693469894574601,2.0755863074665744,1.7165289610026453,0.6816657046140042,0.0925945595865581,-0.25,0.31571373860572993,0.31088618124758927,1.9112516273214268,18.15636582802254,1.7285682425991369,1.2203986422035047,5.651230298132077,4.788381921354913,0.17752393964715055,0.4946169215229391,0.8372984395244958,1.332772383509191,-0.021276307897935946,30202,1,0.7607843137254902,mlsnp_team_07
demo_156,Blake Nguyen,uslc,W,24.7,0,2025,blake nguyen,transition_winger,1683,-0.01789512332347065,-2.0359929708558315,-1.4913004136565289,-1.3895477883325318,-2.906805648680363,-2.3681805400984044,-1.0819274502060179,-0.1,0.01,0.01,0.24687083258935774,4.698172857991911,0.2,0.35090169475204025,2.8829461822107953,1.1566411677114194,-0.005055391697289399,0.3338426184403196,0.7053749703315467,1.084336511368091,-0.0558942489694126,68014,1,0.55,uslc_team_06
demo_157,Alex Kowalski,mls,FW,24,1,2025,alex kowalski,pressing_striker,2513,-1.3184893989492927,0.39091446508283767,1.2236988965123266,-0.3015197996081487,1.2638191835689958,0.835018201557252,-0.29534515874842626,0.15,0.30645236127258674,0.2610846435463022,1.9501946612450298,12.307235543158846,1.78599632000779,0.819100454932477,3.086400913065301,2.0157104171892297,0.09568034662918108,0.4367760667406699,0.8171152587596758,1.7121788840626022,0.021071967629946887,795046,4,0.8212418300653594,mls_team_01
demo_158,Emerson Brooks,mlsnp,W,24.5,0,2025,emerson brooks,transition_winger,1494,-0.8445601605812773,0.3848133428996533,-0.8287851858186103,0.5777657377003498,-0.0705685144265859,-0.1767864323713645,-1.4759693730741048,-0.25,0.281364518851263,0.18085699360548352,2.1715245374122967,9.373472214645943,0.9733147478463742,0.5363949420945651,4.017602748257836,3.7319157011151485,0.11904787947046343,0.3598724917674816,0.7846483121481792,1.5086850212869627,0.07648110516802667,57607,1,0.48823529411764705,mlsnp_team_04
demo_159,Alex Okoye,mlsnp,FB,28,1,2025,alex okoye,overlapping_fullback,1932,-1.101814872491106,0.43869559954139736,1.0528018558201278,-0.09586716595132849,1.7353437040138773,-0.6843756265177828,0.7755849839648059,-0.25,0.19327796608820028,0.23183053964559983,1.4275570391056227,14.237787508883784,1.9048479264195066,1.0716610018701866,3.8814583775415663,2.6678190828374393,0.08377132320715522,0.5950284425894053,0.7294800927493708,2.114484591625007,0.053255545310233354,46631,1,0.6313725490196078,mlsnp_team_05
demo_160,Jordan Silva,uslc,FW,20.7,1,2025,jordan silva,pressing_striker,2022,-0.9000901430074983,0.5581409020465701,-0.38321910520701635,-0.38833748689340986,0.00855014557957734,0.6390817573325536,-0.6692303725963555,-0.1,0.39567052764871646,0.10628257996542649,1.4853194577280866,8.43605127742409,0.9687803024863975,1.0346971193245846,2.7803152267792948,2.834773630940436,0.14159780963560098,0.46079824342404546,0.7524524028660964,2.459594783604156,-0.05249465000074247,49786,1,0.6607843137254902,uslc_team_07
demo_161,Quinn Hassan,mls,W,30.6,0,2025,quinn hassan,transition_winger,1967,-1.2610839198224792,-0.27640638297744613,-0.30838750999525416,0.18211070418215675,0.24919097987745964,-0.3647438226292902,0.5989332036192103,0.15,0.1827526209637536,0.24507582684307336,0.922121231224231,13.15571990627144,1.963444515338616,1.7085623662881977,4.346207729433834,2.7945318187564023,0.06010553622239044,0.47028077719893613,0.8180833874619681,0.8834550939511032,-0.025618422796165,423507,3,0.6428104575163399,mls_team_04
demo_162,Skyler Schmidt,mls,FB,31.8,1,2025,skyler schmidt,overlapping_fullback,1921,-2.625848902482905,1.166288078982232,0.8898775011933345,2.2930408112307026,2.0548418511699955,0.42702531796351273,0.8262881992587152,0.15,0.321727399518433,0.39717818648328057,2.337964770106645,14.537222479208255,1.850159539421454,1.6437050687519628,6.418277195795037,6.3233846199897705,0.1422716821605651,0.5587499195784162,0.8813321444203747,2.188234906420895,-0.12463484102367887,535532,3,0.6277777777777778,mls_team_07
demo_163,Sam Mensah,uslc,CM,30,1,2025,sam mensah,ball_winning_midfielder,1792,0.6690657491905733,-2.454277234937386,-2.2439166214320982,-3,-0.7417006508843231,-3,-0.11213201319350552,-0.1,0.01,0.011121712446049085,0.2,5.228534578630079,1.3741289680134698,0.9468715841058504,0.5,1.2926981867610907,-0.04085843903946594,0.5497222415700598,0.6901667518920651,1.4178469703534369,0.01251349723293236,41014,1,0.5856209150326798,uslc_team_06
demo_164,Riley Kowalski,mls,W,25.5,0,2025,riley kowalski,transition_winger,1745,0.6600415092307766,-0.8055662594545674,-0.03819984713393476,-1.424279538222764,-1.470343706760484,-1.7612498456555965,-0.5475155369757324,0.15,0.05046119668102718,0.04190676037003733,0.2,13.116512905354465,1.240429901329312,1.0846514854218614,1.3338636820902727,2.3256236633223835,0.05323817741119601,0.36216911661764567,0.6522655558998748,1.3336482712633155,0.02726616152361795,364236,3,0.5702614379084967,mls_team_04
demo_165,Jamie Petrov,mls,FW,21.8,1,2025,jamie petrov,pressing_striker,2619,-0.2506004353911098,-0.11914455062002464,-0.6977970530539577,-0.8699047788755317,-0.058019865661516394,-0.14193477405025445,0.40939274638697337,0.15,0.19815770466133917,0.16482050335418832,1.3535986954477712,10.747374780677328,1.7172395204211293,1.3538729986483273,1.4702439686358244,2.0799989172301503,0.05996008680740017,0.5820988874201428,0.7498571016601673,1.2757673887967051,0.1172139139665795,326129,3,0.8558823529411764,mls_team_05
demo_166,Drew Berg,mls,W,28,1,2025,drew berg,transition_winger,2345,-0.723797316953819,0.16321623413879366,-0.02262235210213301,-0.15748245287469476,0.911875791098036,-0.19888527523796595,0.5354643180366991,0.15,0.2530790601899635,0.19395071237740794,1.800172556257686,11.27622318883923,2.3343384529675686,1.9116759121648474,4.477198303598477,3.1661104544570735,0.07177648968576647,0.39689057142613354,0.8013816034746849,0.4854459502785835,0.01205111292499918,250751,2,0.7663398692810458,mls_team_02
demo_167,Alex Ivanov,uslc,FW,32.1,1,2025,alex ivanov,pressing_striker,1434,-0.8121816323294133,0.40647950776291675,2.4937912507910953,0.8724324186676755,0.0051461454710687304,1.9420676622919881,0.2767085606733231,-0.1,0.476166328707719,0.16089766072581488,2.97866757318228,17.21246114817288,1.5653004361276401,1.464192817756133,6.103229459146824,3.170137536259587,0.07112765749198896,0.40934451344136136,0.8700167377542126,1.2461220190357996,0.03953774649889032,123585,1,0.46862745098039216,uslc_team_02
demo_168,Finley Hassan,mls,W,32.7,0,2025,finley hassan,transition_winger,2638,0.3987343360184131,0.6393399956443094,-0.39547441852105514,1.137899744337417,1.1152227667252532,-0.3892049199682638,0.12828576678195275,0.15,0.28307549205009963,0.303242061072073,1.0066288040683111,13.178113354670268,1.3143740127685684,1.7291293068154232,6.119379541104267,3.470840920453112,0.10523220191375345,0.4698607589661803,0.7160771813457028,1.3936749263735353,2.3271895921751773e-4,135159,2,0.8620915032679739,mls_team_04
demo_169,Riley Costa,mlsnp,FB,18.8,1,2025,riley costa,overlapping_fullback,1887,0.2265635738793769,-1.5085176373723503,-1.9471289351338563,-1.198449678122937,-1.853038572681447,-1.2035984858827677,-1.3812674752536194,-0.25,0.10892940579920213,0.01,1.3035977598676616,2.737041587974026,0.33147316733378424,0.3569930009806151,2.51294004744069,1.578185649350722,0.03487050552253969,0.2201922987601071,0.7007594052572529,3.82186796149713,-0.04792759431674668,20000,1,0.6166666666666667,mlsnp_team_03
demo_170,Rowan Patel,mlsnp,FB,23.7,1,2025,rowan patel,overlapping_fullback,1416,0.4216435797532105,0.007670604397026891,-0.021065811241946588,0.5393817228384521,-0.8990006377412062,-0.3263042764811924,0.5193964213453987,-0.25,0.17814446228130237,0.07088681312931097,1.476512121748566,14.695700655083368,1.641831662987732,1.7479620412946422,4.735621018204274,4.384691653147306,0.07687030587099904,0.5139732778232565,0.8338970025130106,2.3092668952453583,-0.09930422370226186,51682,1,0.4627450980392157,mlsnp_team_01
demo_171,Morgan Petrov,mlsnp,FW,30.1,1,2025,morgan petrov,pressing_striker,1902,0.00483794372409907,0.5241680220003851,0.9641352758830921,0.1959536557869987,-1.2655692258153195,0.998457158630574,-1.6182953720165192,-0.25,0.2703029925119067,0.01,2.772325390078878,13.810395169334221,0.2367074558514718,0.6331896033063359,4.447902922669823,3.0842710829388498,0.09566145299479044,0.17136331697185586,0.8088008896706722,1.5699838352414772,-0.02425489988854702,73227,1,0.6215686274509804,mlsnp_team_06
demo_172,Skyler Hassan,mlsnp,W,26.2,1,2025,skyler hassan,transition_winger,1706,0.6189839150965187,1.326335871570789,0.9530219512016255,1.2054388870521031,1.7380475295253026,0.7954682429498118,-0.12396562234612298,-0.25,0.3103151252079715,0.3349938279254132,2.412385729554514,19.00999943707153,1.7091453288462053,1.2973429780955046,5.244242002445905,4.667158142454058,0.12457351492536736,0.3881111498741748,0.8424622664567606,0.7707890990700944,0.1936251866305733,25492,1,0.5575163398692811,mlsnp_team_08
demo_173,Reese Okafor,mls,CB,22.6,1,2025,reese okafor,progressive_center_back,1861,0.4311339444859275,-0.11356773443256427,-0.2997903568113718,0.36386719513750054,-0.38709342656290224,0.5286941771734806,-0.2608332422108506,0.15,0.2916389259328379,0.07796898850547235,2.4720587510834675,10.691107923540406,1.417822386263496,1.5126253020217009,4.732233005158889,3.339104348215774,0.08924273298830313,0.3624974170227282,0.7303564872722483,1.3510092981825244,0.08105905536925173,244062,2,0.6081699346405228,mls_team_04
demo_174,Avery Dubois,mls,FW,24,1,2025,avery dubois,pressing_striker,1216,0.5583123701872228,1.5991494783968567,2.658052948279924,1.4020453486277764,2.973451421452288,0.6366833620812139,-0.3055060460584695,0.15,0.3912979556655651,0.43831532277505886,1.592816583917526,18.8713248737991,1.2852939862351813,1.341824618126268,6.1803744945036545,4.228599906485676,0.16497498771707736,0.49093867069604447,0.8231745315600902,0.7194523890886292,0.061875499551996685,434880,3,0.39738562091503266,mls_team_07
demo_175,Parker Silva,uslc,FW,18.4,0,2025,parker silva,pressing_striker,1308,0.49596128067200856,-0.2815280989281789,-0.10804993466570972,-0.9546639006804536,-1.174630425854548,0.24159755912369535,-1.3800858875869244,-0.1,0.2968598700770781,0.01,2.168942396084644,11.758243929549264,0.6802769714189594,0.7851327152468729,3.422970242945381,2.1449620591258367,0.024858376112201187,0.26262932723658,0.6553550683119244,0.20119548197973236,0.07118021583334788,80845,1,0.42745098039215684,uslc_team_03
demo_176,Parker Ali,uslc,W,30.7,1,2025,parker ali,transition_winger,2618,1.661885740945779,-0.04989813891050638,0.12619058465425695,-1.0142532402232962,-0.4406818342407843,-0.029037738973415855,-0.3643591864627371,-0.1,0.2121251532202615,0.12983851087312834,2.0979744807465384,15.012667016014364,1.0092015434201942,1.3620574257323188,3.4821534124116593,1.919582867250763,0.06794476317762807,0.5116489721686618,0.7401937384823685,0.04654906631276279,0.07616876147290544,84709,1,0.8555555555555555,uslc_team_06
demo_177,Sam Ivanov,mlsnp,FB,18.5,0,2025,sam ivanov,overlapping_fullback,2377,-1.0550346122045031,0.16021412732112433,0.41889369192954934,2.0485247729679736,0.8060799620473307,1.0049048305892112,1.9194407743175992,-0.25,0.36948432670545267,0.21483004406795864,2.5601942238726454,9.637380668967886,3.3569445901982977,1.980404043796326,6.2055299077873105,5.7756406343174405,0.10401494744361062,0.5467244311432,0.8222328156955352,3.1336157794571102,0.15506499134748367,31047,1,0.776797385620915,mlsnp_team_06
demo_178,Hayden Nakamura,uslc,FW,27.8,1,2025,hayden nakamura,pressing_striker,1270,1.5083246867800042,-0.5023805624053285,0.08254341916750807,-1.6921811012993806,-0.7111875557419575,-0.2819542538857318,1.625165078173645,-0.1,0.21787287662602445,0.09482298031137598,1.2961521637512063,11.631652668261186,2.7177299642485004,2.1847107234813086,2.170144332302937,0.647499312025488,0.09087183409260868,0.5563397512915544,0.6547221395666106,1.2380566349534505,0.07914272368559369,85876,1,0.4150326797385621,uslc_team_07
demo_179,Rowan Silva,uslc,CM,27,0,2025,rowan silva,ball_winning_midfielder,1260,-0.3342086566550739,0.7159380487761894,1.3606915622482367,0.7364597057321305,1.1063859830374523,1.1132151602746188,-2.088639850153532,-0.1,0.39505220783866707,0.281332066698817,2.453599229668823,16.671197075915487,0.48205821556189127,0.472705439119263,4.820018053894652,3.7910632874709025,0.12019764562961188,0.22487320206280792,0.8162300503438401,1.3926124002753384,0.11334775706085887,61908,1,0.4117647058823529,uslc_team_08
demo_180,Rowan Nguyen,uslc,FW,22.7,1,2025,rowan nguyen,pressing_striker,2834,-0.0649807438184409,-1.3457873031632113,-1.007544497826596,0.00823273214265563,-0.263560246387603,-0.626080139453744,-1.8543222503897334,-0.1,0.154994772583411,0.11946232970221912,0.8492432337039263,9.272908140753506,0.43847759700475963,0.2,3.237627386840301,2.995496623182156,0.02355183116780216,0.37701987268427956,0.8533223437287543,0.169884104240408,0.10279957945836801,30000,1,0.9261437908496732,uslc_team_04
